,wisdom,eg
0,가는 날이 장날,하지만 가는 날이 장날이다.
1,가는 날이 장날,가는 날이 장날인지 날이 몹시 궂었다.
2,가는 날이 장날,고양시에 사는 맹렬 낚시꾼들이 추천한 집. 가는 날이 장날이라고 주인 이수뢰 여사가 몸이 아파 일찍 귀가했다.
3,가는 날이 장날,"'가는 날이 장날'에 비슷한 속담으로 '술 익자 체 장수 지나간다'를 알려주고, 'It never rains but pours(비가 왔다 하면 장대비)'라는 영어 속담을 곁들이는 식이다."
4,가는 날이 장날,가는 날이 장날이라고 우리가 이동하는 기간에 중국~몽골 기차가 정비관계로 1주일간 운행을 중단한다고 해서 40시간 버스를 타는 일정으로 급히 변경하기도 했습니다.
5,가는 날이 장날,우연히 어디를 갔다가 공교로운 일을 만났을 때 '가는 날이 장날'이라고 한다.
6,가는 날이 장날,'가는 날이 장날'이라 두툼한 솜이불 같은 운해가 마을을 뒤덮었습니다.
7,가는 날이 장날,가는 날이 장날이라고 가게는 내부수리 중이었습니다.
8,가는 날이 장날,"가던 날이 장날, 곡하다 웃는다, 윗입보다 아랫입이 크다, 도로아미타불, 똥 묻은 개가 겨 묻은 개 나무란다, 병신이 육갑한다, 피장파장, 눈 빠지게 기다린다, 삼대가 후레자식 등 우리가 흔히 사용하면서도 잘 몰랐던 말의 의미와 탄생 배경을 소상하게 알려준다."
9,가는 날이 장날,가는 날이 장날이었다.
10,가는 날이 장날,부푼 기대를 안고 수원지법으로 향했던 13일 오전 8시. '가는 날이 장날'이라더니 올가을 들어 첫 호우주의보가 발령돼 시간당 30mm가 넘는 비가 시야를 가렸습니다.
11,가는 날이 장날,"[사이언스 in 뉴스] 가는 날이 장날? ""왜 주말이면 비바람이 부냐고요"";실제론 주중에 더 많이 내립니다 과학으로 푼 비, 그 오해와 진실"
12,가는 날이 장날,가는 날이 장날(2·7일).
13,가는 날이 장날,'가는 날이 장날'이 아니라도 나물이 흔하다.
14,가는 날이 장날,"우거지상을 한 채 연인과의 행복한 춤이라니. 그런데 가는 날이 장날이라고 두 연인이 잔디밭에서 춤을 추고 있는데 난데없이 스프링클러가 작동하더니, 온 천지에 물벼락이 쏟아졌고 우리는 꼼짝없이 비 맞은 생쥐 꼴이 되고 말았다."
15,가는 날이 장날,"마침 가는 날이 장날이라고, 스님들이 분주하게 불사를 준비하고 있어 구경거리가 늘었다."
16,가는 날이 장날,◆잃어버린 38년=가는 날이 장날이었다.
17,가는 날이 장날,"""가는 날이 장날이다"""
18,가는 날이 장날,한데 가는 날이 장날이라고 공연을 본 지난 목요일 밤 공연의 주인공은 태연이 아니어서 그 인기 실황을 눈으로 확인하진 못했다.
19,가는 날이 장날,"그런데 가는 날이 장날이라고, 어찌나 사람이 많던지 줄을 서서 에스컬레이터를 타다 그나마 사람이 적은 부인복 코너 쪽을 도는 것에 만족해야 했다."
20,가는 날이 장날,가는 날이 장날이라고 촬영 팀이 간 날은 사장님이 외출 중이었다.
21,가는 날이 장날,③ 가는 날이 장날이다.
22,가는 날이 장날,가는 날이 장날이라고 오늘따라 5분이 지나도 10분이 지나도 빈 택시 한 대가 지나가지를 않는다.
23,가는 날이 장날,[스마트 tip] 애플리케이션을 소개합니다;내 주변 재래시장은?(가는 날이 장날) 오늘 밤엔 어떤 별이?(구글스카이맵)
24,가는 날이 장날,가는 날이 장날(무료)은 전국 1600여 재래시장의 정보를 담고 있다.
25,가는 날이 장날,'가는 날이 장날'이었다.
26,가는 날이 장날,24일 통영시 도천동 윤이상기념관 사무실에서 만난 그는 가는 날이 장날이라고 26일 개막연주회를 맡은 잘츠부르크 모차르테움 오케스트라가 최근 일본 후쿠시마 제1원자력발전소 사고로 유출된 방사성 물질에 대한 공포 때문에 일방적으로 공연을 취소하는 탓에 뒷수습을 하느라 정신이 없었다.
27,가는 날이 장날,"그러나 '가는 날이 장날'이라는 말처럼, 결혼식처럼 일생일대에 중요한 날을 앞두고 갑자기 뾰루지가 나는 경우도 있다."
28,가는 날이 장날,'가는 날이 장날' '망건 쓰자 파장'이라는 시간의 중요함을 알리는 속담의 진원지였다.
29,가는 날이 장날,"가는 날이 장날이라고, 그날 어머니와 혜화동 여인이 처음으로 대면을 했다."
30,가는 날이 장날,가는 날이 장날이었다.
31,가는 날이 장날,"상인들의 설문조사 발표와 시민을 인터뷰한 '친절한 김제씨', 김제 전통시장의 역사와 추억담을 다룬 '장터이야기', 김제 주요 역사와 12월 관련 얘기를 담은 '어제 오늘 그리고', 전통시장에서 오래 산 진행자의 일화를 소재로 한 '라디오를 켜세요', 이건식 김제시장이 손님으로 참여한 '가는 날이 장날' 등으로 꾸몄다."
32,가는 날이 장날,"가는 날이 장날이라고 사진 찍으러 간 날, 마침 텔레비전 촬영이 있었습니다."
33,가는 날이 장날,가는 날이 장날이고 가는 곳마다 장터인데
34,가는 날이 장날,'가는 날이 장날'이라던가.
35,가는 날이 장날,"도서관에 책을 빌리러 갔는데, 오늘부터 공사 중이라 빈손으로 돌아왔다."
36,가는 날이 장날,한 달 전부터 기대하던 소풍날 아침에 굵은 빗방울이 떨어지기 시작했다.
37,가는 날이 장날,가장 높은 계급 - 투어리스트=가는 날이 장날이었다.
38,가는 날이 장날,"《""나 원 참. 가는 날이 장날이라더니. 하필 오늘 같은 날 말썽인지….""자는 둥 마는 둥 새벽녘에 잠을 깬 허섭 씨(81)는 조바심이 났다."
39,가는 날이 장날,'가는 날이 장날'이라더니 지하철 역사가 공사 중이라 기차가 떠나기 3분 전에 역에 겨우 도착할 수 있었어요.
40,가는 날이 장날,"관중은 4만여명이나 몰렸지만 '가는 날이 장날'이라고 날씨가 쌀쌀하고, 바람마저 거세 선수들은 기록이나 승리보다 생존이 먼저였다."
41,가는 날이 장날,여행자 서너명이 '가는 날이 장날'이라며 푸념만 늘어 놓다가 금방 자리를 떴다.
42,가는 날이 장날,"가는 날이 장날이라고, 그날은 토요일이라 관리 사무소도 문을 닫았다."
43,가는 날이 장날,"가는 날이 장날이라고, 이날은 작업실이 이사하는 날이었다."
44,가는 날이 장날,'가는 날이 바로 장날'이 돼버린 재수없는 뉴욕 도둑의 은행털기가 소개된다.
45,가는 날이 장날,'가는 날이 장날'이라더니 마침 이 고문은 필리핀으로 출장을 갔더군요.
46,가는 날이 장날,'가는 날이 장날'이랬던가요?
47,가는 날이 장날,충북 괴산군은 괴산 장날인 매월 23일을 '시장 가는 날'로 정하고 군 직원 등이 앞장서서 재래시장을 활용하기로 했다
48,가는 날이 장날,"가던 날이 장날이라고, 베를린의 첫날이 6월 26일이 된 것은 우연이었다."
49,가는 날이 장날,"가던 날이 장날인가, 예약한 54달러 대신 80여달러. 강도가 따로 없다! 방에 들자 한 수 더 떠 곧 전화벨이 울린다."
50,갈수록 태산,사설;갈수록 태산 '과외 단속';
51,갈수록 태산,공적자금이 투입된 금융기관의 해외매각 협상이 갈수록 태산이다.
52,갈수록 태산,`오장섭 의혹' 갈수록 태산
53,갈수록 태산,주부 이모씨(34)는 갈수록 심해지는 아들의 '대인기피증'으로 걱정이 태산같다.
54,갈수록 태산,"봄 배추 주산지인 충북 청원군 낭성면 지역은 지난달 중순쯤 옮겨 심은 배추모종이 가뭄으로 죽거나 제대로 자라지 않는 등 피해가 갈수록 커지고 있다.농민들은 ""이대로 가면 올해 농사는 엉망이 될 것""이라며 걱정이 태산이다."
55,갈수록 태산,[현장에서] '갈수록 태산' 탁구협 내분
56,갈수록 태산,"그쪽에서도 딴엔 눈치가 뵈는지 드러난 나무 뿌리에 흙을 덮는다든지, 나뭇가지에다가 이름표를 붙인다든지 부쩍 손을 대는 시늉을 한다 싶더니 웬걸 갈수록 태산이다."
57,갈수록 태산,"사설;대학입시, 갈수록 태산이다;"
58,갈수록 태산,갈수록 태산 / '구급차.응급진료도 금지' 의협사이트 투쟁선동 `섬뜩'
59,갈수록 태산,"갈수록 태산이라고, 그들은 아예 머물고 있는 섬을 섹스의 파라다이스로 만들려 하는데…."
60,갈수록 태산,이스라엘 외무 사임·조기총선안 통과 바라크 '갈수록 태산';
61,갈수록 태산,원료값 오르고 공급은 과잉… 제지업계 '갈수록 태산'
62,갈수록 태산,"KBS, 갈수록 태산"
63,갈수록 태산,"시중銀, 소매금융시장 싸고 경쟁 ""갈수록 태산"""
64,갈수록 태산,중기 인력난 '갈수록 태산'
65,갈수록 태산,"20일자 사설 '대학입시, 갈수록 태산이다'와 3면에 실린 기자수첩 '공부 안해도 대학간다?'를 읽고 공감했다."
66,갈수록 태산,짜증나는 일이 있었겠거니 하고 받아 들였는데 갈수록 태산이었다.
67,갈수록 태산,갈수록 태산으로 그 꼴에 주색잡기를 탐했다.
68,갈수록 태산,"경찰청장 ""수사권에 직위 걸라"" - 대검차장 ""조폭들이나 하는 것"" /검-경, 사법개혁 갈등 '갈수록 태산'"
69,갈수록 태산,#＠15면/미 당파싸움 갈수록 태산
70,갈수록 태산,이 경우 '산 넘어 산'이나 '갈수록 태산'이란 문구를 사용해야 한다.
71,갈수록 태산,"충북도의회 교육위원회 소속인 이광희 의원(50·민주당·사진)이 책은 낸 주인공. 이 책은 △도의원의 월급을 공개한다 △작은 학교 희망 만들기 △의정 2년차 ""갈수록 태산이네"" △톡톡 튀는 지역구 활동 △학교 안 아이들, 학교 밖 아이들 △성찰과 자성으로 밥값하는 후반전 △나는 지방의원이다"
72,갈수록 태산,"갈수록 태산이야…""라며 한숨을 쉬었다."
73,갈수록 태산,평택 브레인시티 휘청 … 주민 피해 '갈수록 태산'
74,갈수록 태산,'악마' '죽음' 등 자극적인 용어까지 동원해 서로를 헐뜯는 모습에 '갈수록 태산'이라는 우려와 비판의 목소리가 높다.
75,갈수록 태산,올해 초만 해도 갈수록 줄어드는 손님 때문에 걱정이 태산이었던 곳이라는 게 믿기지 않을 정도다.
76,갈수록 태산,"손 후보 측은 ""강원 경선에서도 문 후보 캠프는 발표 전에 이미 결과를 아는 것 같더라""며 ""사실이라면 갈수록 태산""이라고 말했다."
77,갈수록 태산,◇ 갈수록 태산=가장 큰 문제는 식량이다.
78,갈수록 태산,글로벌 금융위기가 터진 지 4년째지만 유럽 상황이 갈수록 태산이고 미국과 중국의 경제까지 다시 하강하면서다.
79,갈수록 태산,갈수록 태산.
80,갈수록 태산,괴산 유기농엑스포 '갈수록 태산'
81,갈수록 태산,수입은 줄어들었지만 지출해야 할 돈은 갈수록 태산이다.
82,갈수록 태산,갈수록 태산이지만 그래도 그 사이에 주가 등 가격변수들은 어느 정도 최악의 상황을 반영해 내고 있는 듯하다.
83,갈수록 태산,"미국·유럽 등 기존 시장이 저성장에 빠지면서 이를 극복하기 위해 성장하는 시장에 올라타려는 기업들이 늘어나고 있지만, 경영 환경은 갈수록 태산이다."
84,갈수록 태산,교무실·사무실에 한평 경비실까지 24시간 촤르륵 /CCTV 인권침해 진정 '갈수록 태산'
85,갈수록 태산,유럽문제가 갈수록 태산이다.
86,갈수록 태산,간 나오토(菅直人) 총리의 퇴진을 둘러싼 정치권의 이전투구 역시 갈수록 태산이다.
87,갈수록 태산,통합진보당이 갈수록 태산이다.
88,갈수록 태산,갈수록 태산이라던가.
89,갈수록 태산,조·중·동 '특정후보 편들기' 갈수록 태산
90,갈수록 태산,국가정보원 댓글 사건이 갈수록 태산이다.
91,갈수록 태산,'촛불 잡도리'…경찰 과잉대응 갈수록 태산
92,갈수록 태산,"◆갈수록 태산, 매년 과세기준 5%포인트씩 인상"
93,갈수록 태산,갈수록 태산이다.
94,갈수록 태산,회사 동료들한테 배신당하고 사표를 낸 36세 인옥 씨. 오랜 꿈인 카페를 차렸는데 갈수록 태산이다.
95,갈수록 태산,"""갈수록 태산이다."""
96,갈수록 태산,이번엔 해외여행경비 늘려달라 道의회 요구 갈수록 태산
97,갈수록 태산,"결론은 이미 내려졌고 첫 삽 뜨는 일만 남았다는 둥, 3년 내 완공하겠다는 둥, '미친 놈' 소릴 듣더라도 추진하겠다는 둥, 갈수록 태산이다."
98,갈수록 태산,동아제약 경영권 분쟁 갈수록 태산;같은 날 같은 장소에서 상대방 공격 회견
99,갈수록 태산,"말로는 '섬김'의 리더십, 그래서 '시작은 소박하되 나중엔 창대'할 걸로 기대했으나, 사태는 갈수록 태산이다."
100,갈수록 태산,갈수록 태산이다.
101,갈수록 태산,"권 후보는 상대방이 날카로운 질문을 던질 때마다 ""인정사정 없이 퍼붓네"" ""갈수록 태산이네""라며 한박자 쉬어가는 느긋함을 보이면서도, '대선 삼수생'이라는 사회자의 지적엔 ""대선 삼수는 입시 삼수와 다르다""고 목소리를 높였다."
102,갈수록 태산,"김씨는 ""기후 이상으로 꿀 채집량이 갈수록 줄어들고 있는데 꿀벌이 왕성한 활동을 벌일 때 해마다 항공방제를 해 걱정이 태산""이라고 말했다."
103,갈수록 태산,한-미 FTA '갈수록 태산' /미 투자자 공공질서 해쳐도 정부가 입증못하면 '불구경'
104,갈수록 태산,"정부, 작년부터 '조선일보 주최 賞' 방해;'비판 언론 손보기' 갈수록 태산"
105,갈수록 태산,연금 적자가 갈수록 심해져 나라 경제를 망치게 됐다며 모두가 걱정이 태산인 판에 국회는 오히려 적자를 늘리는 법은 통과시키고 줄이는 법은 부결시켰으니 말이다.
106,갈수록 태산,"○…재계 서열 2위인 현대·기아자동차그룹은 최근 국세청이 사전 통보도 없이 글로비스 등 4개 계열사에 대한 특별 세무조사에 전격 착수하자 ""갈수록 태산""이라며 곤혹스러운 표정. 현대차그룹은 지난해 '비자금 사태'로 검찰 수사를 받은 탓에 세무조사가 있을 것이라는 예상은 했지만 조사 시기와 대상 계열사 등을 미리 감지하지 못해 매우 당혹스러워했다는 후문. 실제로 상당수 임원들조차 23일 시작된 세무조사 소식을 전혀 모르고 있다가 토요일인 24일 아침 본보의 1면 톱 특종보도를 통해 이 사실을 알고는 급히 회사로 나와 대책을 숙의했다고."
107,갈수록 태산,서민경제가 얼어붙고 부동산 문제며 취업난은 갈수록 태산이다.
108,갈수록 태산,기업을 도와주기는커녕 발목 잡는 정부인 줄은 이미 알고 있었지만 규제가 말 그대로 '갈수록 태산'이다.
109,갈수록 태산,"미분양 아파트 갈수록 태산;6월말 6642가구, 원주 4가구당 1개"
110,갈수록 태산,"경영난 포드, 갈수록 태산"
111,갈수록 태산,"정씨는 ""지난해 1월 2억원을 빌려 분당으로 이사 갔다""며 ""집값은 떨어지는데 이자 부담은 갈수록 늘어 걱정이 태산""이라고 말했다."
112,갈수록 태산,임금을 가르쳐야 하는 '스승'이란 인물들이 갈수록 태산이었던 것이다.
113,갈수록 태산,현병철 위원장 취임 이래 제구실을 못 한다는 비판을 받아온 국가인권위원회의 행태가 갈수록 태산이다.
114,갈수록 태산,'인권위 파행' 갈수록 태산
115,갈수록 태산,"그는 ""강태산이 젊은 정치인으로서 순수성은 있지만 갈수록 자신이 무너뜨리려는 거물 정치인 조배호와 정확히 닮아가고 있어 문제""라고 말했다."
116,갈수록 태산,갈수록 태산이다.
117,갈수록 태산,지방선거 승리 이후 세종시 문제 처리에 임하는 야당의 태도가 갈수록 태산이다.
118,갈수록 태산,'아르헨티나의 메시아' 메시…;UEFA 챔피언스리그 아스날전서 무려 4골… 한국에는 '갈수록 태산'
119,갈수록 태산,미·일 재정적자도 갈수록 태산
120,갈수록 태산,[대전/충남]대전 미분양 갈수록 태산
121,갈수록 태산,서원학원 경영권 다툼 '갈수록 태산'
122,갈수록 태산,교육감이 중도 하차하고 공석 중인 서울시교육청이 갈수록 태산이다.
123,갈수록 태산,진짜 같은 中 산자이… 기법 '갈수록 태산'
124,갈수록 태산,"이 전 최고위원은 자신의 트위터에 ""갈수록 태산이다.…멀쩡한 사람을 심근경색으로 쓰러졌다니""라는 글을 올렸다."
125,갈수록 태산,북핵 문제가 갈수록 태산인 형국이다.
126,갈수록 태산,티베트 이어 신장까지…민족갈등 '갈수록 태산'
127,갈수록 태산,티베트 이어 신장까지…민족분규 '갈수록 태산'
128,갈수록 태산,경찰범죄 또 잇따라 '갈수록 태산'
129,갈수록 태산,갈수록 태산…
130,갈수록 태산,남편=갈수록 태산이네. 그런 주장을 영화가 하고자 했다면 원작소설처럼 진정 '다처다부제'를 주장했어야 해. 하지만 이 영화는 조선시대에 양반집 대감이 '퍼스트(본처)'와 '세컨드(첩)'를 두고 한지붕 아래서 살았던 상황을 고스란히 가져와 남녀 역학관계만 살짝 뒤집은 것뿐이어서 실망스러워. 예쁘고 능력 있는 여자가 퍼스트와 세컨드를 두었고 결국 모두 함께 살기 위해 스페인으로 떠나가잖아.
131,갈수록 태산,정부의 외국어고 정책이 갈수록 태산이다.
132,갈수록 태산,정권의 낯 두꺼운 행태는 인사(人事)에서 '갈수록 태산'이다.
133,갈수록 태산,더욱이 올해 이 회사가 대학생을 상대로 연 피임약 광고공모전에서 1등상을 받은 문구가 '당신은 쾌락을 사랑하는 여자가 아닙니다'라니 갈수록 태산이다.
134,갈수록 태산,'10대들의 패권 싸움'이 갈수록 태산이다.
135,갈수록 태산,신용불량자 갈수록 태산
136,갈수록 태산,영 'WMD파장' 갈수록 태산
137,갈수록 태산,'감정싸움' 갈수록 태산
138,갈수록 태산,美 보수파 '내분' 갈수록 태산
139,갈수록 태산,삼성증권배 2003프로야구 /두산 '갈수록 태산'
140,갈수록 태산,공장 수도권 집중 '갈수록 태산'
141,갈수록 태산,고속철 갈수록 태산 경주는 노선재검토 반발… 울산은 역 설치 요구
142,갈수록 태산,"盜聽 의혹, 갈수록 태산"
143,갈수록 태산,미국내홍 갈수록 태산
144,갈수록 태산,"나아가서 ""이래도 '불법도청 없다'인가""(조선, 11월29일치 사설), ""도청 의혹 갈수록 태산""(중앙, 12월2일치 사설), ""도청 내용도 범법 의혹 짙다""(동아, 12월2일치 사설) 등으로 기정사실화를 시도했다."
145,갈수록 태산,이스라엘 聯政 20개월만에 붕괴…중동평화 갈수록 태산
146,갈수록 태산,갈수록 태산인 사상 최악의 '후쿠시마 신드롬'. 한승동 논설위원 sdhan@hani.co.kr
147,갈수록 태산,남북정상회담의 뒷거래 의혹이 갈수록 태산이다.
148,갈수록 태산,'외평기금' 적자규모 갈수록 태산
149,갈수록 태산,태풍피해 갈수록 태산;영동군 최초 181억에서 3000억원으로 급증
150,갈수록 태산,그런데 갈수록 태산이었다.
151,갈수록 태산,쌀 소득이 갈수록 줄어드는 농민들로선 마늘마저 값싼 수입품에 밀릴 경우 걱정이 태산이다.
152,갈수록 태산,미 회계법인 갈수록 태산 파산직전 기업에 '이상무'
153,갈수록 태산,한데 갈수록 태산! 대롱대롱 절벽 끝 허공에서 가지에 매달린 녀석에게 한 팔 놓으라고 했다.
154,갈수록 태산,전남 초등교사 지원자 50대가 절반 넘어 /농어촌 교사 노령화 갈수록 태산
155,갈수록 태산,"'갈수록 태산'… 방폐장 소모戰 언제까지;서울대 간부회의 '혼란' 걱정, 결론못내"
156,갈수록 태산,梨大 입시비리 '갈수록 태산'
157,갈수록 태산,갈수록 태산이다.
158,갈수록 태산,노 대통령의 '내 논에 물대기'식 선전성 논리가 '갈수록 태산'이라는 생각도 지우기 어렵다.
159,갈수록 태산,갈수록 태산이다.
160,갈수록 태산,"""갈수록 태산이네, 술 없어?""를 외치던 40대 중년들. 보드게임방, 라틴바 모두 처음이란다."
161,갈수록 태산,대일 무역적자 갈수록 태산
162,갈수록 태산,이란 영화 '취한 말들을 위한 시간'은 '갈수록 태산' '엎친 데 덮친 격' '설상가상' '점입가경'의 실체를 보여준다.
163,갈수록 태산,"[국제] 이-팔관계…집안싸움 `내코가 석자`, 중동평화 `갈수록 태산`"
164,갈수록 태산,"왜 이렇게 날이 갈수록 태산인지, 국민들에게 세금 혜택을 주는 것이 아니라 오히려 부담을 더 많이 주는 것이 오늘날의 현실이다."
165,갈수록 태산,휘청이는 서민가계 갈수록 태산
166,갈수록 태산,"""손님이 갈수록 줄어 걱정이 태산입니다."""
167,갈수록 태산,"불경기, 갈수록 태산"
168,갈수록 태산,"불법 침공에 들러리를 서는 것도 모자라 전투행위에도 참여하겠다는 것인지, 갈수록 태산이다."
169,갈수록 태산,갈수록 태산=남부의 과격 시아파 저항도 거세지고 있다.
170,갈수록 태산,이제 한국은 갈수록 태산일지 모른다.
171,갈수록 태산,하지만 경제상황이 갈수록 어두워진다니 걱정이 태산이다.
172,갈수록 태산,"임금은 높아지고 노조의 요구사항은 갈수록 태산이며, 파업을 무슨 정기행사 하듯이 하기 때문 아닌가."
173,갈수록 태산,2003년도 3사 매출 10개 중앙종합일간지의 70% / 조중동 시장독식 갈수록 태산
174,갈수록 태산,김혁규 전 경남지사의 총리 지명 문제를 둘러싼 여권의 내홍이 갈수록 태산이다.
175,갈수록 태산,"생활은 갈수록 편리해지지만 결정할 일은 태산에, 일상의 스트레스도 날로 늘어나면서 현대인들을 노리는 비즈니스도 성행하는 시대다."
176,갈수록 태산,게다가 이 은행융자는 허위서류 제출혐의로 FBI의 수사대상에까지 올랐다니 갈수록 태산이다.
177,갈수록 태산,마흔에 빛이 나려면 치열한 삼십대를 담보해야 한다니 갈수록 태산이다.
178,갈수록 태산,일본 정치인·각료 망언 갈수록 태산 … 정부는 집단 자위권 대응에 소극적
179,갈수록 태산,"박선영 자유선진당 대변인도 논평에서 ""이명박 정부의 고집불통 국민무시 인사가 갈수록 태산이고 볼수록 가관""이라며 ""전문성과 탁월한 리더십을 겸비한 인재로 다시 발탁하라""고 주장했다."
180,갈수록 태산,"오늘 직장을 잃었는데, 집주인이 집세를 올려달라고 한다."
181,갈수록 태산,"시험을 앞두고 배가 아픈데, 화장실까지 모두 잠겨 있었다."
182,갈수록 태산,연구 과제.
183,갈수록 태산,청년 실업률이 해마다 증가하면서 취업을 앞둔 사람들의 걱정
184,갈수록 태산,갈수록 태산이라고 해야 하나.
185,갈수록 태산,갈수록 태산이다.
186,갈수록 태산,"새누리당 원유철 의원은 이날 ""일본 정치인과 각료들의 망언이 갈수록 태산""이라며 정부의 대응 방안을 물었다."
187,고래 싸움에 새우 등 터진다,"국회의원들이 민생을 외면하는 바람에 '새우 싸움에 고래 등 터지듯' 나라는 난국에 처하고, 국민의 삶의 질은 엉망이 되었다."
188,고래 싸움에 새우 등 터진다,고래 싸움에 새우 등이 터지는 격이다.
189,고래 싸움에 새우 등 터진다,"상무가 '프로리그 탈퇴, 아마리그 전환' 방침을 고수한다면 '고래 싸움에 새우 등 터지는 격'으로 피해자는 선수들이다."
190,고래 싸움에 새우 등 터진다,정부와 좌파 교육감들의 갈등이 계속되면서 서울 경기 전북 지역의 교사 사이에 '고래 싸움에 새우 등 터진다'는 하소연이 이어지고 있다.
191,고래 싸움에 새우 등 터진다,"일본은 중국에 추월당했고, 구한말 '고래 싸움에 등 터진 새우' 신세였던 대한제국은 이제 돌고래 수준의 대한민국으로 거듭나 누구도 무시 못하게 됐다."
192,고래 싸움에 새우 등 터진다,반대로 이 두 드라마와 동시간대인 문화방송의 아이두 아이두는 고래 싸움에 새우 등 터지듯 시청률이 10%에 미치지 못하고 있다.
193,고래 싸움에 새우 등 터진다,○美·中 동남아서 주도권 싸움 하느라 선심 경쟁. 고래 싸움에 새우 등 터지는 건 옛말.
194,고래 싸움에 새우 등 터진다,고래 싸움에 새우 등 터지듯 한국의 국익이 손상되는 사태는 막아야 한다.
195,고래 싸움에 새우 등 터진다,대기업 아웃도어 업체들 간 '고래 싸움'에 식당들의 '새우 등'이 터지게 됐다.
196,고래 싸움에 새우 등 터진다,자칫하다간 고래 싸움에 새우 등 터지는 상황이 될 수도 있는 것이다.
197,고래 싸움에 새우 등 터진다,그러자 교육과학기술부가 조례의 위법성을 이유로 대법원에 조례 무효 확인 소송·조례 집행 정지 가처분을 제기하는 등 법적 대응에 나서면서 학교는 난데없이 고래 싸움에 새우 등 터지는 어이없는 상황에 처하게 됐다.
198,고래 싸움에 새우 등 터진다,그 전날 은 대국들 패권경쟁으로 제주도가 고래 싸움에 새우 등 터지는 꼴이 됐다는 얘기를 크게 실었다.
199,고래 싸움에 새우 등 터진다,이제는 한국이 고래 싸움에 등 터지는 새우 같은 나라가 아니다.
200,고래 싸움에 새우 등 터진다,"포스코의 한 관계자는 ""삼성그룹이 먼저 컨소시엄을 제안했는데, 고래 싸움에 새우 등 터진 꼴이 됐다""고 말했다."
201,고래 싸움에 새우 등 터진다,"금융권 관계자는 """"강 회장은 우리금융 인수에 적극적인 반면, 이 회장은 극력 반대하고 있어 금융위가 고래 싸움에 새우 등 터지는 격으로 이러지도 저러지도 못하고 눈치만 본다""""고 말했다."
202,고래 싸움에 새우 등 터진다,결국 '고래 싸움에 새우 등 터진다'는 말처럼 남은 것은 그 지역 몫이 된다.
203,고래 싸움에 새우 등 터진다,신흥국들 화폐가 몇달 만에 10% 안팎의 절상을 기록해 고래 싸움에 새우 등 터진다는 불만도 나왔다.
204,고래 싸움에 새우 등 터진다,고래 싸움에 새우 등이 '터진' 것이 아니라 '펴진' 셈이다.
205,고래 싸움에 새우 등 터진다,자칫 고래 싸움에 새우 등 터지는 격이 될 수 있다.
206,고래 싸움에 새우 등 터진다,국제 사회는 이제 대한민국을 주변 강대국들의 고래 싸움에 등 터지는 새우가 아니라 디지털 기술로 무장하고 국력이 부상(浮上)하는 신흥 강국으로 보고 있다.
207,고래 싸움에 새우 등 터진다,한국으로서는 '고래 싸움에 새우 등 터지는' 처지가 될 수 있다.
208,고래 싸움에 새우 등 터진다,"지금까지 남북의 싸늘한 대치 속에 동해안 최북단 고성군은 고래 싸움에 새우 등 터진 지 오래되었고, 터진 등에 욕창까지 생기는 고달픔이 계속되고 있다."
209,고래 싸움에 새우 등 터진다,'고래싸움에 새우 등 터지는 격이 됐다.'
210,고래 싸움에 새우 등 터진다,얼마 전 나는 울산에 가서 전부터 인사가 있는 J사장을 만나 그로부터 고래 싸움에 새우 등 터지는 이야기의 다음과 같은 새 버전 하나를 들었다.
211,고래 싸움에 새우 등 터진다,"서울 종로 C 노래방의 주인 김모씨는 ""최신곡을 찾는 팬들이 많지만 이유를 설명하기가 어렵고 영업 손실도 적지 않다""며 ""마치 고래 싸움에 새우 등 터지는 격""이라고 말했다."
212,고래 싸움에 새우 등 터진다,"두 사람(또는 두 진영)은 집권하면 모든 정책결정과 시행에서 충돌하게 될 것이 뻔하고, 서로 더 많은 자리와 권력을 쟁취하려고 사투(死鬪)를 하게 될 것이다.따라서 그들의 집권기간에 내정과 외교의 모든 정책이 우왕좌왕하고 끊임없는 세 불리기와 굳히기의 다툼이 계속되어서 가련한 국민은 '고래 싸움에 등 터지는 새우'가 될 수밖에 없다."
213,고래 싸움에 새우 등 터진다,그야말로 고래 싸움에 새우 등 터지는 격이다.
214,고래 싸움에 새우 등 터진다,대기업에서 노사 갈등으로 파업을 하면 애꿎은 하청 업체만 피해를 보는 상황
215,고래 싸움에 새우 등 터진다,고래 싸움에 새우 등 터지는 격으로 통상임금 논란이 계속되면서 많은 기업이 사회공헌활동의 일환으로 확대 구매해온 온누리상품권 규모를 대폭 줄이고 있다.
216,고래 싸움에 새우 등 터진다,"이런 점에서 우리가 너무 민족주의에 편승한 감정론에 휩싸여 흥분한다고 문제가 해결되는 것도 아니고, 자칫 '고래 싸움에 새우 등 터지는 꼴'이 될 수 있다는 걸 냉정하게 인식하고 대처할 필요가 있다."
217,고래 싸움에 새우 등 터진다,코믹영화 (출품자 김매일)는 막장 드라마와 무협영화를 결합한 독특한 형식에 '고래 싸움에 새우 등 터지는' 평범한 사람들의 좌절을 재미있게 그렸다.
218,고래 싸움에 새우 등 터진다,그 속사정이야 자세히 알 수는 없지만 우리는 고래 싸움에 새우 등 터지는 상황이다.
219,고래 싸움에 새우 등 터진다,고래 싸움에도 새우 등은 터지지 않았다.
220,고래 싸움에 새우 등 터진다,대륙과 해양세력의 침탈로 인해 고래 싸움에 새우 등 터질 수 밖에 없다는 운명적 고정관념에 젖어왔다.
221,고래 싸움에 새우 등 터진다,"회령 주민 김호철(35·가명)씨는 전쟁설에 대해 ""고래 싸움에 새우 등 터진다는데 우리만 공연히 피해를 본다""며 ""진짜 싸우려면 소리치지 않고 조용히 한다."
222,고래 싸움에 새우 등 터진다,'고래 싸움에 새우 등 터진다'는 한국 속담은 열강들이 한반도를 통제하려고 반복적으로 전쟁을 일으켰음을 강조하는 말이다.
223,고래 싸움에 새우 등 터진다,"나참, 고래 싸움에 새우 등 터진단 말이 있지 않습니까?"
224,고래 싸움에 새우 등 터진다,"한 기업 홍보실 관계자는 이번 사건에 대한 질문에 ""고래 싸움에 새우 등 터질 판이다."
225,고래 싸움에 새우 등 터진다,고래 싸움에 등 터지는 새우. 이게 한국의 서글픈 자화상이었다.
226,고래 싸움에 새우 등 터진다,미·중 고래 싸움에 새우 등 터질라
227,고래 싸움에 새우 등 터진다,"고래 싸움에 새우 등 터지는 꼴이라, 큰 판을 주도할 수 없는 나라들로서는 근심이 깊어지고 있다."
228,고래 싸움에 새우 등 터진다,고래 싸움에 새우 등 터지는 격으로 우리 경제도 장기불황의 늪에 빠져들고 있다.
229,고래 싸움에 새우 등 터진다,"중동1구역 주민 A씨는 ""성남시와 LH가 벌이는 고래 싸움에 새우(재개발 지역 주민)등 터지는 꼴""이라며 ""특히 이 지역은 이재명 시장 지지자가 많은 곳인 데다, 판교신도시 사업으로 두 기관이 충돌한 뒤 LH가 갑자기 사업 중단을 선언한 것도 이상하다""고 말했다."
230,고래 싸움에 새우 등 터진다,이처럼 대형업체들의 경쟁이 치열해 지면서 지역 주택업체들은 고래 싸움에 등 터지는 새우가 됐다.
231,고래 싸움에 새우 등 터진다,고래싸움에 등 터지는 새우만 늘어날 뿐이다.
232,고래 싸움에 새우 등 터진다,문제는 고래 싸움에 새우 등 터진다고 가장 많은 시청자를 확보한 공중파가 중계를 하지 않으니 피해를 보는 쪽은 양측이 아니라 팬이란 점. 솔직히 누가 잘했고 잘못했는지는 중요하지 않고 관심도 없다.
233,고래 싸움에 새우 등 터진다,'고래싸움에 새우 등 터진다'고 아직 자신도 제대로 가누지 못하는 아이들이 뜨거운 국물과 식판을 들고 우왕좌왕하고 있다.
234,고래 싸움에 새우 등 터진다,"이것이 한국의 입장이라면, 이는 우리 스스로 강대국 사이에 끼어들어 '장기판의 졸(卒)'이나 '고래싸움에 등 터지는 새우'의 처지를 자초하는 것이나 다를 바 없다."
235,고래 싸움에 새우 등 터진다,또 이 지역의 안보질서가 흔들리고 강대국 사이에 긴장이 고조되면 우리나라는 또다시 고래 싸움에 등 터지는 새우로 전락할 가능성도 배제하지 못한다.
236,고래 싸움에 새우 등 터진다,"불쌍한 우리 아이들, 고래싸움에 등 터지는 새우로 만들어서야 되겠는가."
237,고래 싸움에 새우 등 터진다,매장량 2조m³의 이 가스전을 둘러싸고 중국 일본 러시아 3국간에 이해가 얽히고설키면서 한국으로서는 '고래 싸움에 새우 등 터지는' 상황에 직면해 있는 것이다.
238,고래 싸움에 새우 등 터진다,"이 국력을 가지고 왜 자꾸 남에게 신세질 생각만 하느냐""며 ""고래 싸움에 등 터지는 새우가 아니라 큰 고래와 작은 고래가 함께 노는 동해의 고래, 이것이 우리 한국의 목표""라고 강조했다."
239,고래 싸움에 새우 등 터진다,"""사람들은 한국이 고래 싸움에 등 터지는 새우라고 말하지만 그렇지 않다."
240,고래 싸움에 새우 등 터진다,"그러면 한국의 전략적 선택은 상당히 어려워지고, 정말 고래 싸움에 새우 등 터질 가능성이 높아집니다."
241,고래 싸움에 새우 등 터진다,한국은 고래 싸움에 새우 등 터지는 상황에서의 새우가 이제는 아니다.
242,고래 싸움에 새우 등 터진다,"고래싸움에 새우 등 터진다는 격으로 정치인들의 이런 모습을 지켜보는 국민은, 국민 노릇하기가 참 힘들었다."
243,고래 싸움에 새우 등 터진다,"""같이 엮인 게임 규제안 때문에 부처 간 고래 싸움이 일어났고 새우만 등 터지고 있죠."""
244,고래 싸움에 새우 등 터진다,◆속으로 골병드는 하나로통신=올해 3월부터 시작된 대주주들 간 이전투구가 계속되는 동안 하나로통신은 '고래싸움에 등 터진 새우' 신세가 됐다.
245,고래 싸움에 새우 등 터진다,노동 귀족들이 무대 위에서 '더 달라'는 구호를 외치는 사이 아무런 대응책을 갖지 못한 중소기업과 이에 속한 식솔들은 '고래싸움에 새우 등 터지는' 현장을 목도하며 내일에 대한 희망을 잃고 있는 것이다.
246,고래 싸움에 새우 등 터진다,'고래 싸움에 새우 등 터진다'는 말은 이럴 때 쓰는 말인가?
247,고래 싸움에 새우 등 터진다,"어느 교수는 ""노무현과 정몽준의 '위장결혼'이 집권으로 이어질 경우를 생각하면 너무 아찔""하다면서 ""가련한 국민은 '고래 싸움에 등 터지는 새우'가 될 수밖에 없다""고 주장한다."
248,고래 싸움에 새우 등 터진다,기획·제작자는 늘 고래 싸움에 새우 등 터지듯 예술가들의 눈치를 살피며 뒤치다꺼리나 해주던 '하찮은' 존재라는 자괴감이 그것이다.
249,고래 싸움에 새우 등 터진다,"임 전 원장은 1999년 5월 처음 통일부 장관이 됐을 때부터 기자간담회 등을 통해 ""한국도 이제 고래 싸움에 등 터지는 새우가 아니라 돌고래처럼 자기를 지킬 힘과 명민함, 기동성, 누구나 좋아하는 친밀함을 가진 나라가 돼야 하지 않겠느냐""는 지론을 자주 폈다."
250,고래 싸움에 새우 등 터진다,"야당 대표가 중앙선관위를 '항의방문'한 것은 사상 처음 있는 일. 선관위 직원들은 ""고래 싸움에 새우 등 터지게 됐다""며 곤혹스러워했다."
251,고래 싸움에 새우 등 터진다,우리 속담에 '고래 싸움에 새우 등 터진다'는 말이 있다.
252,고래 싸움에 새우 등 터진다,○고래 싸움에 새우 등 터진다
253,고래 싸움에 새우 등 터진다,방송사들만 꼼짝없이 고래 싸움에 새우 등 터지는 격이다.
254,고래 싸움에 새우 등 터진다,제3자인 우리로선 고래 싸움에 새우 등 터질까 불안할 정도다.
255,고래 싸움에 새우 등 터진다,"'천릿길도 한 걸음부터"" ""고래싸움에 새우 등 터진다"""
256,고래 싸움에 새우 등 터진다,"한국은 고래 싸움에서 새우 등이 터지지 않으려면, 안테나를 더욱 높이 세우고 세 마리의 고래가 벌이는 밀고 당기기를 면밀히 관찰해야 한다."
257,고래 싸움에 새우 등 터진다,"한반도의 미래를 주도해 나갈 주인의식을 갖고 전략과 전술을 준비하면서 주변국과의 관계를 다져나갈 생각은 안 하고, 고래싸움에 등 터지는 새우라는 막연한 강대국 권력정치론의 함정에 빠져 우리 문제에 손님처럼 임하고 있는 것 아닌가 하는 생각도 들었다."
258,고래 싸움에 새우 등 터진다,이는 새우 싸움에 고래 등 터진 격이다.
259,고래 싸움에 새우 등 터진다,"한편으로는 세계 경제력 12위를 자랑하면서도 다른 한편으로는 고래싸움에 등 터지는 새우라는 피해의식에 빠져 감성적으로 대응하거나, 명분과 이념에 치우친 외교적 선택이 복잡한 게임 속에서 무슨 결과를 초래할지도 모른 채 표류하는 일이 없도록 하기 위해서 그렇다."
260,고래 싸움에 새우 등 터진다,"통신업계 관계자는 ""이번에도 '고래 싸움에 새우 등 터지는 꼴'""이라며 ""총선 뒤 새 국회에서 IPTV를 원점에서 다시 논의하면 서비스는 그만큼 더 늦어진다""고 허탈해 했다."
261,고래 싸움에 새우 등 터진다,이 과정에서 신흥국들은 '고래 싸움에 등 터진 새우' 신세가 됐다.
262,고래 싸움에 새우 등 터진다,한국인 스스로 자주 말하듯 '고래 싸움에 새우 등 터지는 격'으로 혹시 대국의 주고받기 희생물이 되지 않을까 항상 우려하게 됐다.
263,고래 싸움에 새우 등 터진다,자원이 부족한 한국이 고래 싸움에 새우 등 터지는 꼴이 되지나 않을지 근심이 크다.
264,고래 싸움에 새우 등 터진다,"과천 관가의 한 간부는 ""올 한 해는 고래 싸움에 등 터지는 새우 신세를 면하기 어렵겠다""고 말했다."
265,고래 싸움에 새우 등 터진다,"고래 싸움에 새우 등 터진다고, 강경 대치 국면 속에서 숨 못 쉬고 있는 민생법안을 하나, 둘씩 꺼내 합의를 해나가 보라."
266,고래 싸움에 새우 등 터진다,고래 싸움에 새우 등 터질 걱정인 셈이다.
267,고래 싸움에 새우 등 터진다,◆ 고래 싸움에 새우 등 터질라=강 대표의 발언은 박 전 대표와 이 전 시장을 겨냥했다는 분석이 많다.
268,고래 싸움에 새우 등 터진다,한반도를 고래싸움에 등 터지는 새우에 비유하기도 하는데 새우는 고래싸움에 즉시 죽어 버리지만 개미는 코끼리들에게 둘러싸여서도 살아날 전략을 생각해 볼 수 있는 여유가 있어 좋다.
269,고래 싸움에 새우 등 터진다,한반도라는 지정학적 위치가 고래 싸움에 새우 등 터지는 우리 역사의 반복을 낳는 구조다.
270,고래 싸움에 새우 등 터진다,"모 어린이집 Y원장은 ""정치권 고래 싸움에 새우 등 터진 격""이라며 항의했고, 또 다른 어린이집 이모 원장은 ""멋 모르고 따라간 식사자리 한 번에 이게 말이 되는 얘기냐""고 말했다."
271,꿩 대신 닭,세계판(world-plate)인 미국과 지역판(region-plate)인 중국의 위상을 제대로 식별하지 못한 채 '꿩 대신 닭'이라고 미국과 안 맞으면 중국과 붙으면 된다고 생각한다.
272,꿩 대신 닭,'꿩 대신 닭'이 아니라 '낙지 대신 주꾸미'가 된 것이다.
273,꿩 대신 닭,"97년 모스크바에서 사업을 시작한 그는 모스크바 주위에 산이 없자, 꿩 대신 닭으로 트레킹을 하다 아예 클럽을 만들어 팀 리더가 됐다."
274,꿩 대신 닭,"하지만 '군계일학'(도대체 왜 학을 그렇게 띄워 주는 겁니까?), '꿩 대신 닭'(요즘 꿩 제대로 본 분 계세요?) 같은 말을 들으면 우리 닭들은 자존심이 상합니다."
275,꿩 대신 닭,"하지만 행정수도 건설이라는 원칙을 포기하고, 충청권 민심을 달래기 위해 '꿩 대신 닭'으로 행정기관·정부산하기관 이전을 제시하는 것이라면 절대 받아들일 수 없다."""
276,꿩 대신 닭,꿩 대신 닭이라고 조그만 행정도시를 만드는 것은 바람직하지 않다.
277,꿩 대신 닭,꿩 대신 닭이라고 조그만 행정도시를 만드는 것은 바람직하지 않다.
278,꿩 대신 닭,"[증권]""꿩 대신 닭"" 올들어 우선주 강세…보통주와 가격차 크게줄어"
279,꿩 대신 닭,여기에서 '꿩 대신 닭'이란 말이 나왔다.
280,꿩 대신 닭,꿩 대신 닭일까?
281,꿩 대신 닭,'꿩 대신 닭'이란 그래서 생겼다.
282,꿩 대신 닭,꿩 대신 닭이긴 하지만 톡톡 튀는 맛의 날치알 스파게티에 도전해 보기로 했다.
283,꿩 대신 닭,두 손 놓고 있다가 교원평가제 도입이 전교조 등의 반대로 난항을 겪자 '꿩 대신 닭' 모양새로 추진하는 것이 문제다.
284,꿩 대신 닭,그러나 차코치는 '꿩 대신 닭'이 아니라 '닭 대신 꿩'을 잡겠다는 생각이다.
285,꿩 대신 닭,그래서 나도 꿩 대신 닭이라고 소주박스를 대신 묻게 된 것이다.
286,꿩 대신 닭,"[증권]""꿩 대신 닭"" 중저가주 인기몰이"
287,꿩 대신 닭,꿩 대신 닭. 하루만에 즐기는 휴가로 해외·바다로 나간 듯한 분위기를 내보자.
288,꿩 대신 닭,'꿩 대신 닭'이라고 선진국 MBA 대신에 국내 MBA 과정에 등록한 직장인도 부지기수다.
289,꿩 대신 닭,'꿩 대신 닭?'
290,꿩 대신 닭,지갑이 얇은 가난한 홍어 애호가들에게 값싸면서 맛도 크게 뒤지지 않는 수입산 홍어는 '꿩 대신 닭' 그 이상이었다.
291,꿩 대신 닭,이런 움직임은 삼성전자가 예상보다 급등세를 보인 상황에서 '꿩 대신 닭'식의 매수 패턴을 보이는 것으로 해석 가능하다.
292,꿩 대신 닭,"○…최근 기름값이 치솟으면서 유류세를 낮추라는 목소리가 높아지자 소관 부처인 재정경제부는 당혹해하는 표정이 역력. 재경부는 여론을 의식해 '꿩 대신 닭' 격으로 수입 석유에 대한 관세를 올해 7월부터 12월까지 기존 5%에서 3%로 내리기로 했지만 유류세만큼은 절대 못 내린다고 고집. 한국의 유류세 수준이 경제협력개발기구(OECD) 회원국 중 중간 정도에 그치는 데다 기름 한 방울 나지 않는 나라에서 유류세를 낮추면 석유 소비가 급증할 것이라는 게 명분. 그러나 재경부가 유류세를 포기할 수 없는 진짜 이유는 세수(稅收) 때문이라는 분석. 실제로 재경부의 한 공무원은 ""유류세를 10% 내리면 세수가 2조 원이나 줄어든다""며 ""'비전 2030' 등 돈 쓸 일은 많은데 손쉽게 거둘 수 있는 유류세를 인하하는 것은 어렵지 않으냐""라고 하소연."
293,꿩 대신 닭,그러나 많은 이집트인들이 제시한 가말 선호 이유는 '꿩 대신 닭'이라는 논리에 가까웠다.
294,꿩 대신 닭,"꿩 대신 닭이라고, 결코 싸지 않은 이들의 공연을 비교적 싼값에(칸에서는 돈을 안 내고 봤습니다만, 극장에서 상영한다면 그렇다는 거죠) 평면 영화보다 실감나게 즐길 수 있게 해줍니다."
295,꿩 대신 닭,"[택지지구 둘러보기]송파신도시, 꿩 대신 닭? 꿩 잡는 매?"
296,꿩 대신 닭,'꿩 대신 닭'이란 속담은 이를 두고 한 말이라고 한다.
297,꿩 대신 닭,"◆ 분양가 상한제는 '꿩 대신 닭'? =이날 당정은 최근 열린우리당 부동산특위가 제안했던 공공주택 공급특별법 제정 방안, 종합부동산세를 주거복지용 목적세로 전환하는 방안 등에 대해선 합의를 이루지 못했다."
298,꿩 대신 닭,'꿩 대신 닭' 박주영 AG 뛴다
299,꿩 대신 닭,(책에선 '이거야!'라는 말로 표현했다) 꿩 대신 닭은 없다.
300,꿩 대신 닭,영국 출신 3인조 밴드 '킨(Keane)'. 이들에게 '꿩 대신 닭'을 물어보자 갸우뚱했다.
301,꿩 대신 닭,"(교육자로서, 닭으로써 꿩을 대신했다.)"
302,꿩 대신 닭,"막강한 후원자를 잡아 자신감 넘치면서도 비굴한 콜린스가 베넷가에 청혼하러 왔다가 빙리와 눈맞은 제인 대신 엘리자베스를 흥정하는 안주인에게 ""꿩 대신 닭도 좋죠""라고 말하거나 엘리자베스의 친구 샬럿이 ""(못생기고 나이 든) 내게 사랑은 과욕이야""라고 말하는 건 세련된 요즘 로맨스 드라마에 비하면 촌스럽다."
303,꿩 대신 닭,"""회장 대신 총무가 참석했다, 꿩 대신 닭을 잡다"""
304,꿩 대신 닭,꿩 대신 닭
305,꿩 대신 닭,'꿩 대신 닭'이란 속담처럼 닭고기보다 한 단계 위로 치는 꿩고기는 육질이 부드럽고 소화가 잘돼 기력 회복에 좋은 것으로 알려져 있다.
306,꿩 대신 닭,① 꿩 대신 닭.
307,꿩 대신 닭,"꿩 대신 닭. 불평 많고 게으른 아들이지만, 짐꾼으로 부리고 돈지갑으로도 써먹겠다는 심사다."
308,꿩 대신 닭,'꿩 대신 닭'으로 사용한 고려대 구장은 왕모래 때문에 태클을 엄두도 못냈다.
309,꿩 대신 닭,▽꿩 대신 닭 잡아라=최근 7일 동안 외국인들은 삼성전자에 이어 LG전자 현대자동차 국민은행 대우종합기계 현대모비스 등을 사들였다.
310,꿩 대신 닭,[CEO칼럼]박용성/꿩 대신 `젊은 닭` 키우자
311,꿩 대신 닭,'꿩 대신 닭'이 아니라 '닭 대신 꿩'이다.
312,꿩 대신 닭,북한-미국 접촉 꿩 대신 닭?
313,꿩 대신 닭,이런 현실 탓에 시.도 교육청은 꿩 대신 닭으로 '과정 선택'을 유도하고 있다.
314,꿩 대신 닭,일본과 인연을 맺은 것은 지난 98년 9월. 당시 일본 언론은 축구협회가 아센 벵거(현 잉글랜드 아스날 감독)를 초빙하려다 실패해 그를 선택했다며 '꿩 대신 닭'이라고 했지만 그는 개의치 않았다.
315,꿩 대신 닭,증시에서 '꿩 대신 닭' 을 찾는 투자자들이 많아졌다.
316,꿩 대신 닭,▽최〓꿩 대신 닭이라고 외국의 가정집에 머물면서 영어를 배우는 '홈스테이'는 어때요?
317,꿩 대신 닭,"이와 함께, SK텔레콤과 한국통신의 외국인 투자한도(한도)가 꽉 찬 데 따른 반사(반사)이익까지 톡톡히 보고 있는 상황. 최근 외국인들이 다시 통신주를 매수하면서 SK텔레콤과 한국통신의 투자한도에 걸리게 되자, '꿩 대신 닭' 식으로 한통프리텔을 매수하고 있다는 분석이다."
318,꿩 대신 닭,"[부동산]""꿩 대신 닭"" 불붙은 리노베이션 시장"
319,꿩 대신 닭,'꿩 대신 닭.'
320,꿩 대신 닭,"결국 모짜르트는 퇴짜를 맞고 말았고, 아버지의 맹렬한 반대를 무릅쓴 채 꿩 대신 닭으로 그의 동생 콘스탄체와 결혼했다."
321,꿩 대신 닭,`동창회' 인수전 꿩 대신 닭 / '다모임' 군침
322,꿩 대신 닭,꿩 대신 닭. 시드니에서 두눈으로 올림픽현장을 지켜본다면 금상첨화겠지만 국내에 있는 스포츠팬들에겐 그림의 떡. 24시간 텔레비전 중계를 지켜보는 것말고도 인터넷 사이트를 뒤져보면 다른 각종 재미있는 화제와 통계를 접할 수 있는 별미가 있다.
323,꿩 대신 닭,'꿩 대신 닭'이라 하더라도 경영상의 모든 책임은 어디까지나 최고경영자에게 있습니다.
324,꿩 대신 닭,그런데 꿩이 없어서 대신 쓴 닭이 꿩보다 더 나은 경우를 많이 보게 됩니다.
325,꿩 대신 닭,'꿩 대신 닭'이라는 우리 속담이 있습니다.
326,꿩 대신 닭,"한마디로 '신 귀공자'는 엄청 황당하나 은근히 웃긴다.전혀 부담없다.사실 이것이 내가 이 드라마를 재미있게 본 진짜 이유다.시트콤을 보는 셈치고 '신 귀공자'를 본다.시트콤 팬인 나는 요즘 시트콤이 영 시원찮아 '꿩 대신 닭'을 보고 있는 것이다.시트콤이 죽 쑤는 이유는 '참을 수 없는 제작의 허술함' 때문이다.아마추어급 연출, 신인 개그맨 데뷔무대 같은 연기, IMF 때도 못본 싸구려 세트, 시도 때도 없이 녹음돼 나오는 '하하하' 웃음을 따라 웃다 보면 갑자기 신경질이 팍 난다."
327,꿩 대신 닭,"""꿩 대신 닭이라고? 내 진짜 실력을 보여주마."""
328,꿩 대신 닭,'꿩 대신 닭'이라고 다저스는 11일 휴식 후 박찬호를 12일 오전 5시5분 샌프란시스코 자이언츠의 새 구장인 퍼시픽 벨 파크의 역사적인 오프닝 경기에 등판시킬 예정.
329,꿩 대신 닭,꿩 대신 닭이 돼도 '영어만 건지면 성공' 이라며 자위하려든다.
330,꿩 대신 닭,"투신사 관계자는 이에 대해 ""반도체값 강세로 주가상승이 기대되는 삼성전자 보통주를 사들이고 싶지만, 종목당 편입비율 10%가 이미 다 채워진 상태여서 편입비율 제한을 받지 않는 우선주를 대량 매입하고 있다""며 ""꿩 대신 닭인 셈""이라고 말했다."
331,꿩 대신 닭,황장엽씨 '꿩 대신 닭';
332,꿩 대신 닭,꿩닭을 대량 번식시킬 수만 있다면 온면의 국물을 낼 때 '꿩 대신 닭'이라고 푸념하면서 굳이 닭을 쓰지 않아도 될 것 같다.
333,꿩 대신 닭,가장 많이 광고에 등장하는 식품의 경우 '참고을''버들송이''산들무''달군달아''꿩 대신 닭 만두''참새도 탐낸 쌀''허수아비가 지킨 쌀' '햇살내음''오늘 찌은 쌀''양파마을''해든 나라''방울댁''지화자''어화둥둥''술깨비''참맛참빛' 등이 눈길을 끈다.
334,꿩 대신 닭,하지만 '꿩 대신 닭' 식으로 영어캠프를 결정해서는 안된다.
335,꿩 대신 닭,상가·사무실이 '꿩 대신 닭'
336,꿩 대신 닭,저금리가 굳어지면서 예금 이자로는 인센티브를 제시하기 힘든 은행들이 '꿩 대신 닭' 격으로 부가서비스 경쟁을 벌이고 있다.
337,꿩 대신 닭,삼성테스코 홈플러스는 '꿩 대신 닭' 마케팅을 펼친다.
338,꿩 대신 닭,'꿩 대신 닭(?)'
339,꿩 대신 닭,"URL의 유형을 크게 나눠보면 글자에 의미있는 숫자를 섞어 만들거나 긴 제목을 압축한 단어를 붙여 독특한 주소를 만드는 '창조자형', 영화의 내용이나 장르 등 정보를 알려주는 '보충수업형', 딱 맞는 주소를 이미 누가 선점해 사용하고 있는 바람에 비슷한 다른 주소를 만든 '꿩 대신 닭'형, 우리말 발음 그대로 영어로 표기한 '표음문자형', 그리고 우리말 제목을 영어로 번역한 '영어 선호형' 등이 있다."
340,꿩 대신 닭,심지어 만두 속에 돼지고기 대신 닭고기를 넣은 '꿩 대신 닭만두'(하림)도 있다.
341,꿩 대신 닭,"""꿩 대신 닭이라도…."""
342,꿩 대신 닭,74년 서독 월드컵에서 브라질은 '꿩 대신 닭'을 만났다.
343,꿩 대신 닭,김남일의 부상으로 이영표가 수비형 미드필더로 이동하면서 출전기회를 잡았지만 이을용은 꿩 대신 나온 닭이 아니었다.
344,꿩 대신 닭,쉽게 말해 '꿩 대신 닭'을 선택한 셈이다.
345,꿩 대신 닭,보조금 폐지 여파로 부담스러운 휴대전화 교체보다는 휴대전화 주변 기기로 아쉬움을 달래려는 소비자들도 꿩 대신 닭을 찾고 있다.
346,꿩 대신 닭,#'꿩 대신 닭'이 지금은 최선.
347,꿩 대신 닭,'꿩 대신 닭'이 나을 때도 있다.
348,꿩 대신 닭,하지만 '꿩 대신 닭'이라던가.
349,꿩 대신 닭,(닭 대신 꿩인 경우다!)
350,꿩 대신 닭,"다음 시즌 바르셀로나가 당시 최고 스타 호나우두를 놓친 대신 '꿩 대신 닭'이라고 히바우두를 영입했지만 97~98, 98~99 두 시즌에 51골을 몰아넣으며 팀을 연속 스페인리그 우승으로 이끈다."
351,꿩 대신 닭,'꿩 대신 닭'이란 표현도 그래서 나온 모양이다.
352,꿩 대신 닭,'꿩 대신 닭'이라는 속담도 제사상과 관련된 얘기다.
353,꿩 대신 닭,하지만 '꿩 대신 닭'. 겨울철 '사이버 골프'의 재미는 의외로 쏠쏠하다.
354,꿩 대신 닭,황규연은 '꿩 대신 닭'이 된 셈이다.
355,꿩 대신 닭,'꿩 대신 닭.'
356,꿩 대신 닭,이후 '꿩 대신 닭'을 제사음식으로 올렸다는 민담(民譚)이 전해져오고 있다.
357,꿩 대신 닭,이때 '꿩 대신 닭'으로 대신 등장한 것이 하루나/시라네급 헬기 탑재 구축함이고 이들 함정의 노후화에 따라 이들을 대체하겠다며 등장한 것이 휴우가다.
358,꿩 대신 닭,"그래서 생긴 것이 ""꿩 대신 닭""이라는 속담이다."
359,꿩 대신 닭,닭장떡국 때문에 '꿩 대신 닭'이라는 말이 나왔다고 한다.
360,꿩 대신 닭,"○ '꿩 대신 닭', 대체소비 증가"
361,꿩 대신 닭,"꿩 대신 닭?;과학벨트 분산론 힘 잃자 '제3벨트論' 등장… 여권, 지역안배 차원서 상응하는 지원 검토"
362,꿩 대신 닭,개미 투자자들에겐 은이 꿩 대신 닭인 셈이다.
363,꿩 대신 닭,"◆""""꿩 대신 닭이라도 잡아라"""" SK텔레콤·KT 경쟁"
364,꿩 대신 닭,SK텔레콤은 일단 '꿩 대신 닭'으로 1.8㎓라도 확보한다는 전략이다.
365,꿩 대신 닭,꿩 대신 닭으로 만족할 수밖에 없다.
366,꿩 대신 닭,금값 고공행진에 부담을 느낀 개인들이 '꿩 대신 닭' 심정으로 금 대신 은에 눈을 돌리고 있는 것이다.
367,꿩 대신 닭,'꿩 대신 닭'이라고 하는데 거위 대신에 부자들이 먹었던 칠면조가 더 많았으니 당연히 거위구이 대신에 칠면조구이를 한 것이다.
368,꿩 대신 닭,그는 꿩 대신 닭으로 비쳤지만 유럽 위기의 해결사이니 기대감을 불러일으킬 만했다.
369,꿩 대신 닭,그러나 '꿩 대신 닭'이라고 했던가?
370,꿩 대신 닭,"이 밖에도 A 연예인이 출연을 거부하면 그의 소속사에 '떼를 써' 다른 소속 연예인을 끌어내는 '꿩 대신 닭' 전술, 연예계에 발이 넓은 프로그램 MC들의 후광 효과를 이용하는 '협공 작전'도 효과가 있다고 한다."
371,꿩 대신 닭,꿩 대신 닭이라고 사진집 대신 달마다 '추억' /내 사진으로 /나만의 달력
372,꿩 대신 닭,■'꿩 대신 닭' 쏙요리 어때요
373,꿩 대신 닭,조개구이 대신 조개찜이나 조개탕 등을 시켜 꿩 대신 닭의 행복이라도 누릴 수밖에.
374,꿩 대신 닭,여기서 '꿩 대신 닭'이란 속담이 유래했다고 한다.
375,꿩 대신 닭,"강화알농장(인천시 강화군 강화읍 옥림리) 주인 김한조(58)씨는 닭의 장점이 뭐냐는 물음에 ""꿩 먹고 알 먹고""라는 한마디 말로 줄이고 대신 여러가지 단점을 들었다."
376,꿩 대신 닭,"""즉시연금이 다 팔리고 없다는 은행 직원의 말을 듣고 '꿩 대신 닭'이라는 심정으로 일시납 저축보험에 돈을 넣었다""고 했다."
377,꿩 대신 닭,"이때 생긴 표현이 'Dar gato por liebre(토끼 대신 고양이를 주다)'인데요, 우리로 치면 '꿩 대신 닭'쯤 되겠지요."
378,꿩 대신 닭,"닭이나 꿩 한 마리, 청주 한 병 같은 벌금을 내기도 하고, 계원이 소유한 노비를 대신 데려다 곤장을 치는 가혹한 벌칙도 있었다고 한다."
379,꿩 대신 닭,은 '꿩 대신 닭?'이라는 주제의 만평을 실었습니다.
380,꿩 대신 닭,여기서 '꿩 대신 닭'이란 속담이 유래했다고 한다.
381,꿩 대신 닭,"그러니 남자 친구에게 ""꿩 대신 닭""이라며 '콜드 워'같은 홍콩 영화를 못 이기는 척 보세요."
382,꿩 대신 닭,북송된 청소년들은 이 여성을 놓친 책임을 피하려는 '꿩 대신 닭'이었던 셈이다.
383,꿩 대신 닭,▽'꿩 대신 닭?'=시는 유치에 실패한 자기부상열차 시범노선(엑스코∼동대구역∼수성유원지 간 13.2km)에 모노레일이나 자동안내주행차량 등 신(新)교통수단을 건설하는 방안을 적극 검토하기로 했다.
384,꿩 대신 닭,교인대신 만만한 적객 몇을 골라 집어넣을 꾀를 낼 만도 했다
385,꿩 대신 닭, 녹차가 없으니 홍차를 마셔야지.
386,꿩 대신 닭,'꿩 대신 닭'이라는 심정으로 삼성이 택한 게 산요와 NEC였을 정도로 소니와 마쓰시타는 대단했다.
387,꿩 대신 닭,'꿩 대신 닭'이냐 싶겠지만 최근 1개월 수익률로 보면 재간접 펀드의 수익률(9~10%)이 중국 본토 펀드 평균 수익률(6.9%)을 앞지르고 있다.
388,꿩 대신 닭,'꿩 대신 닭'이란 표현도 그래서 나온 모양이다.
389,꿩 대신 닭,닭 대신 꿩
390,꿩 대신 닭,"꿩 대신 닭이라고, 빅매치도 없고 경기장에서 보고 싶은 선수가 없는 것을 대리 만족하기 위해 일부 관중들이 몰려드는 곳은 바로 연습코트다."
391,꿩 대신 닭,'꿩 대신 닭'처럼 '과일 선물 대신 술 선물'인 현상이다.
392,꿩 대신 닭,"세리 '꿩 대신 닭'…'트리플 크라운' 달성으로 풀겠다"""
393,꿩 대신 닭,"129, 131의 팻감 공작 후 흑이 133을 결행해왔을 때 우하귀에 팻감이 없다는 게 비극. 꿩 대신 닭으로 138, 140을 취했지만 누가 봐도 흑의 대득이다."
394,꿩 대신 닭,"국내 지도자들에겐 7년 만에 온 기회인데, 협회는 이 축제분위기에 '꿩 대신 닭'이란 오명을 뒤집어 씌웠다."
395,꿩 대신 닭,"다만 꿩 대신 닭을 사용하고, 만두를 만드는 대신 닭고기를 찢어서 넣으면 저열량 국물요리를 즐길 수 있다."
396,꿩 대신 닭,"얼굴이 긁힌 무녀사진 등 문화재 지정에 얽힌 비화와, '꿩 대신 닭' 등 민속과 속담에 얽힌 뒷얘기가 쏠쏠하다."
397,꿩 대신 닭,'꿩 대신 닭?'
398,꿩 대신 닭,"당시 축구계에선 ""기술위와 협회의 매끄럽지 못한 일처리로 국내 감독이 '꿩 대신 닭' 신세로 사령탑에 오르게 됐다""며 아쉬워했다."
399,꿩 대신 닭,"'꿩 대신 닭'이라는 표현은 꿩과 닭을 대체재로 보되, 꿩이 상급재, 닭이 하급재라는 인식이 반영되어 있습니다."
400,꿩 대신 닭,'꿩 대신 닭'으로 그 짓을 한 것이다.
401,꿩 대신 닭,꿩을 구하기 힘들 땐 닭고기를 썼는데 그래서 '꿩 대신 닭'이란 말이 나왔다.
402,꿩 대신 닭,꿩 대신 닭이라고 나는 홍보관을 견학할 수 없다면 실물이라도 보고 가자는 생각으로 현장 가까이로 갔다.
403,꿩 대신 닭,'꿩 대신 닭'이라고나 할까요.
404,꿩 대신 닭,꿩 대신 닭을 기른 것이다.
405,꿩 대신 닭,○ '꿩 대신 닭'
406,꿩 대신 닭,"'꿩 대신 닭'의 관계이면 대체재, '바늘과 실'의 관계이면 보완재다."
407,꿩 대신 닭,[부산/경남]울산상의 '꿩 대신 닭'식 졸속추진 논란
408,꿩 대신 닭,"노영민 민주당 대변인은 ""꿩(원안) 대신 닭(수정안)이라도 받으라고 하다가 닭마저 안 받으면 아무것도 없다는 것처럼 협박을 하고 있다""며 ""지방선거를 통해서 세종시 백지화를 추진한 이명박 정권에게 확실하게 표로써 보여줄 것이다""라고 말했다."
409,꿩 대신 닭,'꿩 대신 닭'이지만 자세히 보면 그렇지 않다.
410,꿩 대신 닭,여기서 '꿩 대신 닭'이라는 말이 유래했다는 것.
411,꿩 대신 닭,'알맞은 것이 없을 때 비슷한 것으로 대신한다'는 뜻의 '꿩 대신 닭'이라는 속담은 설날에 먹는 떡국에서 유래했다.
412,꿩 대신 닭,최 씨 등은 '꿩 대신 닭'이라는 생각에 이 돈을 들고 달아났다.
413,꿩 대신 닭,꿩(MD) 대신 닭(패트리엇 미사일)?
414,꿩 대신 닭,결국 중요한 것은 살아가면서 정서적 만족을 얻을 수 없는 상태에 처해 있을 때 꿩 대신 닭이라는 마음으로 뭐라도 입에 넣어 그 허기를 채우려는 부질없는 노력을 하는 메커니즘이 작동한다는 사실이다.
415,꿩 대신 닭,"온라인에서 사용자들의 이용 후기는 ""'꿩 대신 닭' 심정으로 구입했는데 써보니 '날아다니는 닭'""이라는 식의 찬사가 많다."
416,꿩 대신 닭,꿩 대신 닭이다.
417,꿩 대신 닭,이번 학자금 대출제도 개선안은 반값 등록금 공약을 공식적으로 폐기하고 '꿩 대신 닭'을 선택한 것이라고 볼 수 있다.
418,꿩 대신 닭,꿩 대신 닭? 대구국제육상에 게이·파월 온다
419,꿩 대신 닭,"'꿩 대신 닭'이란 말이 이런 경우에도 적용이 되는지 모르겠지만, 기자는 하는 수 없이 알하지 회장 대신 미디어 담당관과 인터뷰를 해야 했다."
420,등잔 밑이 어둡다,모두 '등잔 밑이 어둡다'는 옛말을 악용한 사례들. 또 검은 뿔테안경의 안쪽 가장자리에 하얀색 펜으로 핵심 정보를 적어놓은 뒤 안경을 고쳐 쓰는 체하며 훑어보기도 한다.
421,등잔 밑이 어둡다,등잔 밑이 어둡다는 속담이 딱 들어맞은 셈이다.
422,등잔 밑이 어둡다,등잔 밑이 어둡듯 대통령도 모르는 사이 권력의 복판까지 파고들 수 있는 것이 부패의 속성이다.
423,등잔 밑이 어둡다,[수도권]등잔밑이 어둡네
424,등잔 밑이 어둡다,"음식점 원산지 허위표시 ""등잔 밑이 어둡네"""
425,등잔 밑이 어둡다,등잔 밑이 어두운 법이라고 그가 잡힌 곳은 경찰의 코앞이었다.
426,등잔 밑이 어둡다,그러나 조 청장은 '등잔 밑이 어둡다'는 속담을 몰랐던 것 같다.
427,등잔 밑이 어둡다,"어떤 일에든 등잔 밑이 어둡기 마련. 주위를 둘러보면 싼 가격, 심지어는 무료로 건강검진을 받을 수 있는 곳도 적지 않다."
428,등잔 밑이 어둡다,가족은 때로 '등잔 밑'처럼 어둡다.
429,등잔 밑이 어둡다,"""'등잔 밑이 어둡다'는 말이 있잖아요."
430,등잔 밑이 어둡다,프랑스 인상파의 빛 그림에 익숙한 한국 관객들에게 풀빛 가득한 영국의 19세기 근대미술은 어두운 등잔 밑이라고 할 수 있다.
431,등잔 밑이 어둡다,역시 '등잔 밑'이 어두웠다.
432,등잔 밑이 어둡다,하지만 등잔 밑이 어둡다고 정작 대통령 측근 비리는 막지 못했다.
433,등잔 밑이 어둡다,등잔 밑이 어두운 사회적 강자
434,등잔 밑이 어둡다,"등잔 밑이 어둡다더니, 곁에 있는 좋은 일자리를 모르고 있었네요.(구직자 최진규씨)"
435,등잔 밑이 어둡다,YS는 그러나 등잔 밑이 어두웠다는 평을 듣는다.
436,등잔 밑이 어둡다,"등잔 밑이 어두운 탓일까, 그 자들을 너무 멀리서 찾지 마시지. 정작 그이들은 찻길 옆에서 ""현장으로 돌아가야 한다""고 눈물 참으면서 외치는데."
437,등잔 밑이 어둡다,등잔 밑이 어두운 것일까.
438,등잔 밑이 어둡다,"'등잔 밑이 어둡다'고 했지만, 눈앞이 어두운 것은 늘 사회적 강자이기 일쑤다."
439,등잔 밑이 어둡다,하지만 등잔 밑이 어둡다 했던가.
440,등잔 밑이 어둡다,"저녁엔 어둡기 전에 공양하고 7시부터 9시까지는 촛불이나 등잔 밑에서 책을 읽거나, 나가서 낙엽 지는 소리, 시냇물 흐르는 소리에 귀 기울입니다."
441,등잔 밑이 어둡다,"""등잔 밑이 어두운 격이었다."
442,등잔 밑이 어둡다,"이들은 ""등잔 밑이 어둡다더니, 어떻게 그렇게 가까운 곳에 범인을 놔두고도 몰랐느냐. 기가 막힌다""며 ""예슬이만이라도 꼭 살아 있으면 좋겠다""고 입을 모았다."
443,등잔 밑이 어둡다,"그런데 등잔밑이 어둡다고, 어느 날 우리 가족 노래방의 열창가수인 처제한테 한번 불러보라고 했더니 노래에 꼭 필요한, 자연에 대한 파릇파릇한 사랑의 느낌이 살아나는 거예요."", ""형부가 지난해 뜬금없이 노래를 불러 달라고 해서 경험이 없던 터라 많이 긴장하고 마음고생해 가며 녹음했는데 이렇게 좋은 일에 쓰이게 되니 참 뿌듯해요."""
444,등잔 밑이 어둡다,등잔 밑은 어둡기 마련이다.
445,등잔 밑이 어둡다,진리는 늘 눈앞에 있는데 어두운 우리 눈이 등잔 밑을 못 보는 거지요.
446,등잔 밑이 어둡다,등잔 밑이 어둡다는 말은 미 프로야구 최고 명문구단인 뉴욕 양키스의 행크 스타인브레너 부사장에게 적용될 것 같다.
447,등잔 밑이 어둡다,"등잔 밑이 어둡다지 않는가""라고 답했다."
448,등잔 밑이 어둡다,"이들은 조직 내 관행과 고정관념에서 멀리 떨어져 있었기 때문에 새로운 길로 문제에 접근할 수도 있고, 새로운 가능성을 발견하거나 등잔 밑이 어두워 보이지 않던 위험도 포착할 수 있다는 것이다."
449,등잔 밑이 어둡다,어두운 등잔 밑과 같다.
450,등잔 밑이 어둡다,그림 읽어주는 남자와 33인의 화가 박세당 지음/북성재·1만4000원 등잔 밑이 어두워도 이렇게 어두울 수가.
451,등잔 밑이 어둡다,나는 옆방에 살면서도 전혀 알지 못했구나.
452,등잔 밑이 어둡다,'등잔 밑이 어둡다' '아닌 밤중에 홍두깨' '얌전한 고양이 부뚜막에 먼저 올라간다'….
453,등잔 밑이 어둡다,"『신 기생뎐』 등을 쓸 때 전북 군산에서 역사적 사실을 조사하고 취재했는데, 등잔 밑이 어두웠구나 싶었죠."""
454,등잔 밑이 어둡다,홍보대행사 K사는 '등잔 밑이 어둡다'는 점을 이용해 입사 지원자들의 허를 찌른다.
455,등잔 밑이 어둡다,그간 서울 강남권 초·중·고교 근처는 '등잔 밑이 어두운 식'으로 많은 성매매 업소가 뿌리를 내리고 있었다.
456,등잔 밑이 어둡다,"""세계 속의 한국만 찾다 보니 등잔 밑이 어둡게 돼버렸어."""
457,등잔 밑이 어둡다,"잉카인터넷 관계자는 ""백신 업데이트 서버가 뚫린 것은 '여기에는 문제가 없겠지'하는 방심에서 비롯된 것""이라며 ""등잔 밑이 어둡다는 속담이 꼭 맞는 사례""라고 말했다."
458,등잔 밑이 어둡다,등잔 밑은 왜 항상 어두운 걸까.
459,등잔 밑이 어둡다,'등잔 밑이 어둡다'는 말처럼 그간 놓친 절세 상품에 대해 알아보자.
460,등잔 밑이 어둡다,"""등잔 밑이 어둡다""는 걸 보여 준 인선이었다."
461,등잔 밑이 어둡다,김 위원장이 대선 때 새누리당 중앙선대위 공동선대위원장을 맡았음에도 인수위원장 후보로 눈여겨본 이가 많지 않았듯 이번에도 '등잔 밑'이 어두웠던 셈이다.
462,등잔 밑이 어둡다,"김용준 대통령직인수위원장이 24일 박근혜 정부의 첫 총리 후보자로 지명된 것에 대해 박 당선인의 참모들은 ""등잔 밑이 어두웠던 셈""이라며 ""박 당선인이 한 사람을 중요 자리에 연속으로 기용하는 경우가 거의 없었는데 이번에는 그게 깨졌다""고 했다."
463,등잔 밑이 어둡다,"중국을 너무 잘 아는 것 같지만 '등잔 밑이 어둡다'는 속담처럼 잘못된 고정관념과 선입견이 적잖고, 이런 게 미래의 중국에 대한 올바른 인식과 전망을 가로막는다는 지적이다."
464,등잔 밑이 어둡다,"등잔 밑이 어둡다고 보석 같은 장소를 가까이 두고도 ""여행 가고 싶어"" 노래를 한다."
465,등잔 밑이 어둡다,당시 일본은 우리 안기부의 안마당이었으니 '등잔 밑이 어둡다'고 그가 일본을 통해 가리라고는 누구도 예상치 못했던 것이다.
466,등잔 밑이 어둡다,"'전통이 사라져간다', '아이들이 보고 배울 만한 전통이 없다'고들 이야기하지만 등잔 밑이 어두운 소리다."
467,등잔 밑이 어둡다,그러나 등잔 밑이 어두웠던가.
468,등잔 밑이 어둡다,"DJ는 ""지금 실제론 좌파건 우파건 다 중도통합의 시대""라고 했지만 등잔 밑이 어두워도 이렇게 어두울 순 없다."
469,등잔 밑이 어둡다,"그런데도 이곳은 북한산·도봉산·우면산 등 서울 외곽 산책로에 비해 찾는 사람이 적으니, 등잔 밑이 어둡다는 말이 떠오른다."
470,등잔 밑이 어둡다,일각에서는 심지어 카다피가 '등잔 밑이 어둡다'는 점을 이용해 외신기자들이 머물고 있는 트리폴리 릭소스 호텔에 있을 가능성도 제기하고 있다.
471,등잔 밑이 어둡다,이슬람 극단주의에만 집중해 등잔 밑이 어두웠다는 반성도 나오고 있다.
472,등잔 밑이 어둡다,그런데 등잔 밑이 어두운 것일까.
473,등잔 밑이 어둡다,등잔 밑이 어두운 셈이다.
474,등잔 밑이 어둡다,그러나 결국 '등잔 밑이 어두웠던' 모양새가 돼버렸다.
475,등잔 밑이 어둡다,등잔 밑이 어두웠다.
476,등잔 밑이 어둡다,등잔 밑 어두웠던 오사마 빈 라덴의 마지막 은신처
477,등잔 밑이 어둡다,하지만 '등잔 밑이 어둡다'는 속담처럼 유럽 IOC 위원들도 '평창'을 지지할 수 있는 전략도 마련해야 한다.
478,등잔 밑이 어둡다,"파리에서 '그놈의 탑'이 안 보이는 곳은 그 탑 아래밖에 없다는 것이었으니, 말하자면 그는 어두운 등잔 밑을 찾아간 셈이다."
479,등잔 밑이 어둡다,등잔 밑이 어둡다는 사자성어로 등하불명(燈下不明)이다.
480,등잔 밑이 어둡다,등잔 밑이 어둡다고 했던가.
481,등잔 밑이 어둡다,등잔 밑은 늘 어둡다.
482,등잔 밑이 어둡다,의식과 지식으로 찾으면 늘 등잔 밑이 어둡다.
483,등잔 밑이 어둡다,등잔 밑이 어둡다는 속담은 여기에도 해당하는 듯하다.
484,등잔 밑이 어둡다,"너무 다른 데 관심이 많아서 등잔 밑이 어두워질 수가 있다."""
485,등잔 밑이 어둡다,하지만 등잔 밑이 어두운 법. 찬찬히 여유롭게 구석구석 살펴보면 콸라룸푸르야말로 말레이시아가 자랑하는 '아시아의 진수'를 맛볼 수 있는 곳이다.
486,등잔 밑이 어둡다,이번 사태에서 노 대통령이 얻어야할 최대의 교훈은 수많은 정보기관과 비서관을 거느리고 있으면서도 등잔밑이 어둡듯이 대통령은 친인척 비리를 보지 못한다는 사실을 명심하는 것이다.
487,등잔 밑이 어둡다,외국 제약업계를 중심으로 '등잔 밑 마케팅'이 거세다.'등잔 밑 마케팅'은 '등잔 밑이 어둡다'는 속담처럼 자칫 고객으로 생각하지 못하는 자사 임직원들부터 고객으로 만들자는 것을 말한다.
488,등잔 밑이 어둡다,"등잔 밑이 어둡다고, 남편의 이중생활과 사생아의 입적을 부인이 제일 나중에 알게 된다."
489,등잔 밑이 어둡다,정부는 날카로운 통찰력과 판단력을 가진 전문적인 언론인들이나 칼럼니스트들의 비판적인 지적이 없으면 '등잔 밑이 어두워' 침체에 빠지거나 독재로 전락할 수밖에 없다.
490,등잔 밑이 어둡다,미국인들은 반전 입장을 밝힌 프랑스에 대해 포도주 불매운동을 하고 프렌치 프라이를 리버티 프라이로 이름 바꾸는 등 화풀이를 했지만 정작 등잔 밑은 어두웠던 셈이다.
491,등잔 밑이 어둡다,"등하불명(燈下不明), 등잔 밑이 어둡다는 속담이 빈말이 아니었다."
492,등잔 밑이 어둡다,=등잔 밑이 어둡다고 했다.
493,등잔 밑이 어둡다,등잔 밑이 어둡다는 격으로 위성전화를 통해 외부소식을 접하곤 하지만 그 역시 우리가 알고 있는 바그다드의 모습과는 또 다르다.
494,등잔 밑이 어둡다,"등잔 밑이 어둡다고, 남의 얼굴은 찬찬히 들여다봤을지 몰라도 내 몸을 살펴볼 경험은 그다지 없었던가 보다."
495,등잔 밑이 어둡다,다행히 '등잔 밑이 어둡다'고 드디어 같은 동에 사는 믿음직한 아주머니를 만날 수 있었다.
496,등잔 밑이 어둡다,"등잔 밑이 어둡다고, 바로 코밑에 있었는데도 몰랐던 것이다."
497,등잔 밑이 어둡다,"등잔 밑이 어두운 격인데, 이를 방지하기 위해 ID는 되도록 공유하지 않는 게 좋다."
498,등잔 밑이 어둡다,"참 재미있는 건 등잔밑이 어둡다고 파출소 바로 옆 골목이 가장 안전했거든요."""
499,등잔 밑이 어둡다,하지만 등잔 밑이 어두운 법. 각 구청이 마련한 각종 프로그램이 시설이나 수준면에서 유명 학원에 비해 떨어지지 않는다는 것을 아는 사람은 많지 않다.
500,등잔 밑이 어둡다,어느 나라든 등잔 밑이 어둡지 않을까.
501,등잔 밑이 어둡다,①등잔 밑이 어둡다=후베이(湖北)성은 세계 최대의 싼샤(三峽)댐을 비롯해 수많은 댐을 품고 있는 중국의 대표적 수력발전기지다.
502,등잔 밑이 어둡다,"한국에선 종교학이라면 전부 서양의 종교(기독교)를 연구하는 것이었는데…, '등잔 밑이 어두웠구나' 하며 무릎을 쳤지요."
503,등잔 밑이 어둡다,"등잔밑이 어둡다는 속담처럼, 직원이나 회사쪽은 미처 자신의 잘못을 깨닫지 못하는 경우가 많다."
504,등잔 밑이 어둡다,등잔 밑이 어두웠던 셈이죠.
505,등잔 밑이 어둡다,"박씨와 이씨는 서울 한복판의 가족들의 도움으로 자신의 집이나 은신처에서 생활했다는 점에서 ""등잔밑이 어둡다""는 속담을 떠올리게 했다."
506,등잔 밑이 어둡다,"한 관계자는 ""그가 28년간 헌병수사관으로 근무하면서 터득한 '등잔 밑이 어둡다'는 은신 요령을 십분 활용한 것 같다""고 말하기도 했다."
507,등잔 밑이 어둡다,이런 걸 두고 '등잔 밑이 어둡다' 했던가.
508,등잔 밑이 어둡다,그런데 막상 PC방을 잘 모르는 사람들은 등잔 밑이 어두운 한국사람들이다.
509,등잔 밑이 어둡다,"등잔 밑이 어둡다고 우리 경찰의 순찰활동, 교통정리같은 치안활동을 외국인은 잘 알고 있는데, 정작 우리 국민은 모르는 것 같아 안타까울 뿐이다."
510,등잔 밑이 어둡다,고객이 믿고 맡긴 돈으로 주가 조작을 일삼는 사실을 몰랐던 것은 '등잔 밑이 어두웠던' 셈이다.
511,등잔 밑이 어둡다,그간 목욕탕 경영으로 모은 여윳돈을 마땅히 안정적으로 굴릴 투자처를 찾지 못했는데 '등잔밑이 어둡다'고 뒤늦게 자신의 소유 부동산의 가치를 알고 개발에 나서 대성공을 거뒀다.
512,등잔 밑이 어둡다,등잔 밑이 어둡다고 지척에 괜찮은 곳을 두고 먼 곳으로 찾아다니기 십상이다.
513,등잔 밑이 어둡다,등잔 밑이 어둡다고 청주시민만 해도 도심 한복판에 우뚝 선 청주 유일의 국보 용두사지 철당간이 어떤 가치를 지녔는지 제대로 아는 사람이 별로 없다.
514,등잔 밑이 어둡다,"등잔 밑이 어둡다고, 인터넷에서 아시아 나라들과 관련된 정보를 찾을 때 어디서부터 시작해야 할지 막막할 경우가 있다."
515,등잔 밑이 어둡다,<> 등잔밑이 어두운 국방부=국방부가 직속으로 관리하는 사격장도 문제가 적지 않다.
516,등잔 밑이 어둡다,"권한을 남용했느냐 안 했느냐는 법적 차원에서 따질 것은 엄밀하게 따지되 개인의 사생활은 보호해야 한다""거나 ""(노 대통령으로선) 등잔 밑이 어두울 수가 있다""고 에둘러 말한 게 전부다."
517,등잔 밑이 어둡다,▽등잔 밑이 어둡다=결정이나 지시를 내려놓고 실제로 실행이 되는지를 챙기지 않는다.
518,등잔 밑이 어둡다,근막동통증후군의 진단이 등잔 밑이 어두운 것처럼 잘 진단되지 않은 이유는 무엇일까?
519,등잔 밑이 어둡다,등잔 밑 어두운 부분도 영원히 비밀의 영역으로 남을 것 같지만 아침이면 백일하에 드러나고 만다.
520,등잔 밑이 어둡다,"그는 또 ""(노 대통령이) 너무 다른 데 관심이 많아서 등잔 밑이 어두워질 수 있다""고 꼬집었다."
521,등잔 밑이 어둡다,이상민=우리 기업들은 사회책임 경영을 하긴 하는데 등잔 밑이 어둡다.
522,등잔 밑이 어둡다,"이 후보는 전투는 당에 맡기고, 자신은 뒤로 한 발 빠지기로 했으나 12일 한 인터뷰에서 ""노 대통령이 바빠서 등잔 밑이 어둡다""고 한마디를 던졌다."
523,등잔 밑이 어둡다,"한나라당 이명박 대통령후보는 12일 변양균 전 청와대 정책실장의 신정아씨 비호사건과 관련해 ""노무현 대통령이 남북정상회담 (준비)하랴 야당 후보를 고발하랴 바쁘다""며 ""(대통령이) 너무 다른 데 관심이 많아서 등잔 밑이 어두워질 수 있다""고 말했다."
524,등잔 밑이 어둡다,1. 회사: 등잔 밑이 어둡다.
525,등잔 밑이 어둡다,이곳에 가면 그가 있다… '남자들의 굴';등잔 밑이 어두운 법… 회사 동료부터 살펴라
526,등잔 밑이 어둡다,등잔 밑이 밝을 것 같은데 실은 가장 어둡다.
527,등잔 밑이 어둡다,노 정권은 혁신을 캐치프레이즈로 내걸었는데 정작 등잔 밑이 어둡다고 코 밑에 있는 공기업들은 혁신하고는 거리가 먼 행태를 보인 것이다.
528,등잔 밑이 어둡다,"등잔 밑이 어둡기로 치면, 중국 또한 마찬가지가 아닌가."
529,등잔 밑이 어둡다,원래 등잔 밑이 어둡다잖아요 숨겨진 서울 산책 코스 세 곳
530,등잔 밑이 어둡다,"현장검증을 지켜보던 옆집 주민 김모(76) 씨는 ""등잔 밑이 어두웠다""면서 ""뒷집에 이렇게 무서운 사람이 사는 줄 몰랐다""며 혀를 찼다."
531,등잔 밑이 어둡다,연애박사로 통했던 이 씨는 '등잔 밑이 어둡다'는 속담을 새길 것을 권했다.
532,등잔 밑이 어둡다,등잔 밑이 정말 어둡지요?
533,등잔 밑이 어둡다,등잔 밑이 어둡다고 조선백자에 먼저 빠져든 사람은 일본사람이었다.
534,등잔 밑이 어둡다,등잔 밑이 어둡다고나 할까?
535,등잔 밑이 어둡다,그런데 등잔 밑이 어둡다고 정작 우리 전통문화는 케케묵은 골동품처럼 취급되고 있어요.
536,등잔 밑이 어둡다,"등잔 밑이 어둡다고 했던가, 이 틈에 '서울지방'의 고유한 뉴스도 현재로선 거의 유야무야한 실정이다."
537,등잔 밑이 어둡다,등잔 밑이 어두운 법이다.
538,등잔 밑이 어둡다,"등잔 밑이 어둡다는 속담이 있지만, 정작 발 밑에 기회가 많고 정보가 많은데 너무 멀리만 바라보는 게 아닌가 되돌아봐야 할 것 같았다."
539,등잔 밑이 어둡다,결과적으로 등잔 밑이 어두웠던 것으로 밝혀졌다.
540,등잔 밑이 어둡다,"""진짜 등잔 밑이 어두운 거예요."
541,등잔 밑이 어둡다,"등잔 밑이 어둡다고, 남산은 알아도 낙산은 모르는 사람이 꽤 많다."
542,등잔 밑이 어둡다,"그런 걸 등잔 밑이 어둡다고 한다""고 했다."
543,등잔 밑이 어둡다,등잔 밑만 어두운 게 아니다.
544,등잔 밑이 어둡다,"하지만 등잔 밑이 어둡다고, 일부 지식인의 문화사대주의와 열등감 때문에 우수한 문화가 적절치 못한 평가를 받곤 한다."
545,등잔 밑이 어둡다,[나는 알뜰족] 등잔 밑이 어둡다더니 기업 본사에 할인매장 있었네!;구두·모피·그릇… 할인율 20~70%
546,등잔 밑이 어둡다,3. 풍유법: 본뜻은 뒤에 숨기고 비유하는 말만 드러내어 그 숨은 뜻을 넌지시 나타내는 표현 방법. 속담 등은 대개 이에 딸림. 예) 등잔 밑이 어둡다.
547,등잔 밑이 어둡다,"미아, 등잔 밑이 어둡다"
548,등잔 밑이 어둡다,근막동통증후군은 의사 남편을 두고도 꾀병이라고 의심당한 환자가 있을 만큼 '등잔 밑이 어둡다'는 교훈과 함께 신체검사와 같은 기초진찰의 중요성을 다시금 일깨워 주는 질병이다.
549,등잔 밑이 어둡다,"등잔 밑이 어두운 법. 학교 안에서 할 수 있는 아르바이트가 기다리고 있으니, 이름하여 근로장학제도."
550,등잔 밑이 어둡다,너무 잘 알려진 탓이려니 그러나 '등잔 밑이 어둡다'는 속담은 이 경우에도 딱 들어맞는다.
551,산 넘어 산,물론 넘어야 할 산은 아직 많다.
552,산 넘어 산,그렇게 하나씩 산을 넘었다.
553,산 넘어 산,모두 1천m가 넘는 산들로 이 중 가지산이 가장 높다.
554,산 넘어 산,MS 재갈물리기 첫산 넘었지만...
555,산 넘어 산,그러나 양당간 공조를 위해서는 넘어야 할 산이 많다.
556,산 넘어 산,평소 같으면 감탄사도 나오련만 고개마루를 넘어 내리막으로 들어서면서부터는 최근 산불로 폐허가 되다시피한 대간 동편의 산과 마을이 생각나 오히려 가슴이 아프다.
557,산 넘어 산,이 고개만 넘으면 모처럼 산이 물러 앉고 잔잔한 강이 흐르는 평지가 펼쳐진다.
558,산 넘어 산,주부들이 슈퍼에서 찍어준 가격표 목록을 보면서 산 것은 없는데 합계가 10만원이 넘으니 도둑맞은 느낌이 든다고 하는 것도 공감한다.
559,산 넘어 산,이 제도가 명실상부한 이산가족찾기 사업이 되기 위해서는 넘어야 할 산이 아직도 많다.
560,산 넘어 산,높이 300ｍ 남짓되는 산 밑에 이르자 200개가 넘는 계단이 기다리고 있었다.
561,산 넘어 산,"육군이 이같이 목숨을 건 진화작전을 편 건, 산불이 이 산을 타고 넘어 백두대간으로 옮아 붙을 경우 백두대간을 잇는 산맥들이 모두 타들어가는 '대재앙'으로 번질 가능성이 크다는 판단에서다."
562,산 넘어 산,"대표 메뉴는 강, 산, 들로 이름 붙인 3만원, 2만원, 1만5000원짜리 코스. 2만원짜리를 달랬더니 한시간 넘도록 느릿하게 접시가 이어진다."
563,산 넘어 산,"◆자율 합병 가능한가=DJ정권 출범 후 금융 및 기업 구조조정을 추진했지만, 아직 넘어야 할 산이 많다."
564,산 넘어 산,"불길은 주유소를 넘어 맞은편 산으로 건너뛰었고, 주유소 왼쪽 골짜기에도 불길이 보였다."
565,산 넘어 산,"남북 정상회담이 예정대로 개최된다 하더라도 그것은 '긴 과정의 시작'일 뿐이며, 남북 경협이 진전돼 기업들이 실질적 혜택을 보기까지에는 넘어야 할 산이 너무 많다는 설명이다."
566,산 넘어 산,"초속 25ｍ를 넘는 강풍을 타고 불덩이가 산 정상을 맴돌았고, 계곡을 날아 넘어 옆 산으로 번져갔다."
567,산 넘어 산,◇ '3인방' 이 넘어야 할 산〓우선 바닥에 떨어진 그룹의 이미지를 되살려야 한다.
568,산 넘어 산,◇ 해결해야 할 과제〓ASP시장이 관심을 끌고는 있지만 넘어야 할 산도 만만찮다.
569,산 넘어 산,담티고개를 넘어 경산방향으로 내닫는 고산대로. 요즘 이곳을 지나면 오른편 산 아래 흰 구조물에 시선을 빼앗기기 십상이다.
570,산 넘어 산,하지만 전자화폐가 활성화하기 위해선 개발 업체별로 다른 규격이나 사용방식을 통일시켜야 하는 등 넘어야 할 산도 만만찮다.
571,산 넘어 산,한 손에 카메라를 들고 들로 산으로 '한국' 을 찾기 위해 돌아다닌 지 벌써 20년이 넘었다.
572,산 넘어 산,그러나 산을 넘으니 호랑이가 버티고 있는 격. 선두에는 타이거 우즈가 2타차 앞서가고 있었다.
573,산 넘어 산,"그림자는 인수봉에 주고 발짝 소리는 바위의 뿌리로 심겠다고? 깊은 산 속이 아니라 사람 사는 마을 어디에도 그의 '숨은 벽' 은 있어, 그래서 눈부신 슬픔으로 부르는 이름 하나 있어, 그의 발짝 소리 오늘도 오늘도 산을 넘어 오리라."
574,산 넘어 산,그러나 양자 컴퓨터가 실현되려면 넘어야 할 산도 많다.
575,산 넘어 산,이러한 양한방 협진은 환자쪽에서 보면 가장 바람직한 진료형태. 그러나 이상적인 의료시스템을 만들기 위해서는 넘어야 될 산도 많다.
576,산 넘어 산,그러나 산넘어 산이다.
577,산 넘어 산,"그래서 벌써부터 많은 기대로 가슴이 설레는데, 의제나 절차 등 준비접촉을 거치며 넘어야 할 산이 많으므로 남북이 두루 신중하고 차분해져야 한다."
578,산 넘어 산,"현대투신을 포함한 투신권의 구조조정,무역수지 흑자폭 감소,미국의 금리인상설 등 넘어야할 산이 많다."
579,산 넘어 산,정부가 난개발에 대한 종합적인 대책을 제시했다는 점에서는 의의가 크지만 대책이 현실화되기 위해서는 넘어야 할 산이 많다.
580,산 넘어 산,"경남 함양군(함양군)과 전북 장수군(장수군)이 경계를 맞댄 육십령은 ""산을 넘는 동안 산적 60명을 만난다""는 전설이 내려올 만큼 숲이 울창하던 곳.동사면에는 남강 최상류 계곡이, 서사면에는 금강 최상류 계곡이 자리잡고 있다."
581,산 넘어 산,"그러려면 넘어야 할 산이 많다는 것을 잘 압니다."""
582,산 넘어 산,하지만 지난 96년에도 비공식적으로 가입을 신청했던 북한이 ADB 가입국이 되기에는 넘어야 할 산이 많이 남아있다.
583,산 넘어 산,"반면 현대투신 사태는 정부와 재벌, 관료주의와 시장경제의 한국적 상관관계를 다시 한번 노출함으로써 우리 경제는 아직도 넘어야 할 산이 많음을 새삼 깨닫게 만들었다."
584,산 넘어 산,'산넘어 개똥아';누가 '어지러운 오늘'을 구할 것인가;
585,산 넘어 산,국내 바이오산업의 중흥을 위해선 넘어야 할 산도 많다.
586,산 넘어 산,또 입주민들의 창밖 시야를 확보하기 위해 조망 차폐율(시야 가림)이 50~70%를 넘지 않아야 하며 주변의 산이나 구릉보다 높은 건물은 지을 수 없게 된다.
587,산 넘어 산,1천m를 넘지만 산 중턱까지 도로가 나 있어 2시간이면 너끈히 오를 수 있다.
588,산 넘어 산,2년 이상 남은 대선을 목표로 지루한 생존을 해나가기 위해 민국당이 가장 먼저 넘어야 할 산은 자금. '현재로선 조만간 돌려받을 비례대표 19명이 낸 등록비(3억8천만원)가 전 재산이다.
589,산 넘어 산,"JP가 공조복원을 결심했더라도 넘어야 할 산은 많다.이한동(李漢東)총재가 정치적 운명을 같이 해 줄지,강창희(姜昌熙)·이양희(李良熙)의원등 합당반대파들이 어떤 반응을 보일 지 불투명하다."
590,산 넘어 산,"산은 왜 그 자리에 있지 않고 멀리 달아나기도 하고 가까이 다가오기도 하는가, 산은 왜 가는 길을 넘어 넘어 막아서고 있는가, 배꽃 피는 날 산사를 오르는 여류시인의 눈빛이 배꽃처럼 끝없는 화두의 명주실을 풀어낸다."
591,산 넘어 산,그 산 넘어 넘어 또 산 산이네
592,산 넘어 산,하지만 李위원장에겐 앞으로 넘어야 할 산이 많다.
593,산 넘어 산,하지만 李위원장에겐 앞으로 넘어야 할 산이 많다.
594,산 넘어 산,설사 정부가 팔레스타인 방식을 도입하기로 방침을 정한다 해도 넘어야 할 산이 많다.
595,산 넘어 산,정상회담 개최를 위해 넘어야 할 산은 아직도 남아 있다.
596,산 넘어 산,"다섯 가지 종목은 적진에 포위된 병사가 탈출하는 과정에 필요한 요소를 뽑은 것으로 적의 말을 훔쳐타고(승마) 나와서 산을 넘고(육상) 물을 건너며(수영), 적을 만나면 총을 쏘고(사격) 칼을 휘둘러(펜싱) 물리친 후 아군의 진지까지 도착하는 것이다."
597,산 넘어 산,패권을 노리는 오다 노부나가(織田信長)에게 다케다 신겐(武田信玄)은 넘어야 할 산이었다.
598,산 넘어 산,눈 감고 뜰 때마다 조금씩 더 커 마침내는 산 넘고 물 건너 너른 세상으로 친구들은 달려갑니다.
599,산 넘어 산,인터넷을 통한 정보의 교환은 산넘고 물건너 몇날며칠 물건을 나르던 예전의 방식과 질적으로 다르다.
600,산 넘어 산,▽오대산 산채(서울 서초구 양재동)〓매일 오대산에서 직접 따온 더덕 산표고 산달래 도라지 등을 공수해 30여가지가 넘는 산채나물을 내놓는 집. 동해 바닷물로 만든 두부구이와 강원도산 감자부침을 안주삼아 순곡동동주와 감자술로 감칠맛나게 한잔할 만. 아이들은 대관령에서 따다 만든 찰옥수수 물엿에 찍어먹는 떡과 고구마 맛에 폭 빠진다.
601,산 넘어 산,김도훈(30.전북 현대)에게 있어 황선홍(32.수원 삼성)은 언제나 넘어야 할 높은 산이었다.
602,산 넘어 산,7일 뉴욕시장에서의 거래된 서부텍사스산중질유(WTI)거래가격은 배럴당 34달러를 넘었다.
603,산 넘어 산,그러나 신당이 태동하기까지는 넘어야 할 산이 많은 것도 사실.
604,산 넘어 산,그러나 합작 파트너를 구한다고 해도 넘어야 할 산은 많다.
605,산 넘어 산,하지만 실제로 어업협력이 이루어지기 위해서는 넘어야 할 산이 많다.
606,산 넘어 산,"루슨트 등 기존 전화업체는 ""시스코의 주장은 그럴 듯하지만, 실상은 넘어야 할 산이 너무 많다""며 허점을 지적하고 있다."
607,산 넘어 산,국내 애니메이션 산업이 넘어야 할 '산' 들을 짚어본다.
608,산 넘어 산,"지리산 기슭 구례의 산골에서 글을 읽다가 과거에 두번씩이나 장원했지만 갑신정변으로 낙향, 나라 걱정은 산을 넘어도 힘 없는 선비가 이길 수 있는 싸움은 오직 하나, 죽음 뿐이었다."
609,산 넘어 산,그러나 50이 넘은 나이에 혼자 하루에 몇차례씩 산을 오르내린다는 게 쉽지는 않았다.
610,산 넘어 산,"알래스카산 단풍나무를 수(手)작업으로 만든 것인데, 30만원짜리부터 1백만원이 넘는 것까지 다양하다."
611,산 넘어 산,[움트는 '여성주권 시대'] 여성부 탄생 '산넘어 산'
612,산 넘어 산,넘어야 할 산도 많다.
613,산 넘어 산,필요성은 누구나 공감하지만 운하가 뚫리려면 아직도 넘어야 할 산들이 많다.
614,산 넘어 산,(26) 산 넘어 산
615,산 넘어 산,"길이 1ｍ가 넘는 아마존 물고기 피라루크, 열대우림 약초로 만든 전통 약재, '브라질'산 '비아그라'…."
616,산 넘어 산,세잔은 이 산에 매료돼 60점이 넘는 연작을 남겼다.
617,산 넘어 산,정부는 새 고시제도 시행시기를 2003년으로 잡고 있으나 실제로 시행되기까지는 넘어야 할 산이 많다.
618,산 넘어 산,부산의 선비가 과거 보러 한양에 갈 때 산과 고개를 몇 개나 넘을까.
619,산 넘어 산,국토의 대부분이 산으로 뒤덮인 이 땅. 그런데도 부산∼서울 길에 넘어야 할 재는 단 하나 뿐이다.
620,산 넘어 산,그러나 획정위안이 최종적으로 확정되기까지 넘어야 할 산은 아직 많다.
621,산 넘어 산,"박영석이 어머니를 넘어서까지 산으로 향하는 까닭은 ""직장인들이 매일 출근하듯 산에 가면 내 생활이 있기 때문""이다."
622,산 넘어 산,"코소보 알바니아계 주민에게 ""세르비아계의 통치가 싫으면 산을 넘어 알바니아로 가라""고 외치는 그의 극우 민족주의 성향이 밀로셰비치 대통령으로부터 박수를 받았기 때문이다."
623,산 넘어 산,"(투오이쩨)의 문화담당 투이응아(37) 기자는 ""지난해 말에도 지침을 어기고 (한겨레21) 기사를 신문에 받아 보도했다""며 ""당시 편집국 안에서는 '언론 자유를 향한 큰 산 하나를 넘었다'는 평가가 나왔다""고 밝힌다."
624,산 넘어 산,책을 읽으면 책 속에 산이 튀어나오고 산을 바라보면 거기 이론이 씌어 있는 경지. 우리는 이를 법안(法眼)의 문지방을 넘어 도안(道眼)에 이르렀다고 표현하지만 용어가 뭐 그리 대수인가?
625,산 넘어 산,그렇지만 특사교환이 이뤄지기 위해서는 넘어야 할 산이 많다.
626,산 넘어 산,신자유주의가 세계를 지배하기까지는 아직도 넘어야 할 산이 많다.
627,산 넘어 산,산을 넘는 저수지 마을
628,산 넘어 산,나는 순간 넘어야 할 산이 또하나 버티고 있음을 직감했다.
629,산 넘어 산,상황이 이렇게 악화된 것은 과거 용인시가 무분별하게 아파트건설 허가를 내줘 2천5백가구가 넘는 단지 내에 학교부지로 쓸만한 곳이 없어 산중턱에 학교를 지었기 때문이다.
630,산 넘어 산,"금지구역의 팻말을 넘어 깊숙히 찾아드니 담양호는 주야창창,사시사철 쓸어담아 두었던 생명의 씨앗들을 새 천년의 첫 봄 강에 툭툭 터트리고 있다.씨앗 터트리는 소리가 제방의 강둑을 텅텅 두드린다.그너머 논밭산까지 텅텅 울린다.통통히 알알히 퍼진다.이처럼 찬란하게 색·내음·소리를 낼 수 있는 것이 하늘 아래 또 있을까."
631,산 넘어 산,"산양산삼과 장뇌삼은 각각 산삼씨앗과 인삼씨앗을 산에다 뿌린 뒤 10년 넘게 자생시킨 제품으로 상품가치와 가격, 효능에서 큰 차이가 난다고 경찰은 밝혔다."
632,산 넘어 산,앞으로 넘어야 할 산이 많긴 하지만 법 제정으로 반세기 만에 '시민권이 회복됐다'는 생각 때문이다.
633,산 넘어 산,"알래스카산 순록 뿔을 녹용으로 둔갑시켜 팔고, 기준량이 넘는 살충제 성분이 든 중국산 한약재를 대량 수입해 유통시킨 한약재상들이 무더기 적발됐다."
634,산 넘어 산,하지만 '수도 서울의 역사'를 500년에서 2000년으로 일시에 끌어올릴 수도 있는 풍납토성 발굴.보존작업은 많은 산을 넘어야 한다.
635,산 넘어 산,그런 광경을 보면서 정치개혁이 뜻한 바 목적에 이르기 위해서는 넘어야 할 산이 많다는 생각을 하게 된다.
636,산 넘어 산,최근에는 하루 6만명이 해변도시 샌타크루즈에서 산을 넘어 실리콘밸리로 통근하느라 17번 고속도로는 연일 교통체증에 시달리고 있다.
637,산 넘어 산,민국당 넘어야 할 산 '첩첩'
638,산 넘어 산,"이에 앞서 울산 울주군 언양읍 반송리 뒷산에서 26일에 이어 27일 오전 6시에 산불이 재발, 울주군청 공무원 등 200여명이 동원됐지만 15시간이 넘도록 진화되지 않았으며 오후 7시에는 대전 대덕구 계족산과 충남 서산 대곡리 가야산에 불이 나 산 정상으로 번졌다."
639,산 넘어 산,휘청거리는 의약분업 (2);의사 불안감…'쥐꼬리'보건예산… 해결해야할 문제 '산넘어 산';
640,산 넘어 산,"연평도산 꽃게탕은 2만~4만원선. 소라, 멍게, 낙지 청어구이는 기본이고 생선탕수육까지 차례로 딸려 나오는 밑반찬이 20가지가 넘는다."
641,산 넘어 산,산 넘어 산이라 했던가.
642,산 넘어 산,현대가 '투수 왕국'이라는 것도 넘어야 할 산. 현대에는 20승 투수 정민태 등 '어깨'가 즐비해 선발 진입이 가장 어려운 구단이다.
643,산 넘어 산,이 바람이 산을 넘을 때 단열냉각에 의해 눈이 내린다.
644,산 넘어 산,이 강한 바람이 서해를 거쳐 습기를 잔뜩 머금고 산을 넘을 때 '횡'하는 소리가 나는데 이를 '산이 운다'고 표현한 것이다.
645,산 넘어 산,이들은 도중에 검문소가 나타나자 '승용차를 길가에 버리고 산을 넘어 오후 5시쯤 순창읍으로 간 뒤 키가 꽂혀 있는 엘란트라 승용차를 훔쳐 오후 10시쯤 전북 전주시에 도착했다.
646,산 넘어 산,"""이제 겨우 산 하나를 넘었을 뿐인데 여기서 멈출수는 없지요"" 39년동안 그토록 애타게 그리던 학사모를 쓴 宋씨는 ""앞으로 대학원에 진학, 또 다른 도전을 시작하겠다"""
647,산 넘어 산,산 넘어 산이었다.
648,산 넘어 산,"그는 ""거래소가 개장시간을 연장하기 위해서는 관련기관 노조와의 대화를 비롯, 넘어야 할 산이 많지만 실제로 이를 실행에 옮길 경우 우리도 투자자들의 편의를 위해 개장시간을 늘려야 할 것"""
649,산 넘어 산,실험극장이 예 명성을 완전히 되찾기까지 아직 넘어야 할 산은 많다.
650,산 넘어 산,"두 사건에 대한 특별검사의 재수사와 병무비리 수사, 최근의 '린다 김 사건' '고속철도 차량선정 의혹사건'에 이르기까지 그야말로 '산 넘어 산'이었다."
651,산 넘어 산,특히 몽헌회장은 넘어야 할 산이 많다.
652,산 넘어 산,그러나 정부의 의지와는 별개로 '주 5일 근무제'가 도입되려면 넘어야 할 산이 많다.
653,산 넘어 산,"그들은 지구상에서 주름이 가장 험하게 잡힌 중국 오지에서 강 24개와 1천개 이상의 산을 넘어 6천마일 넘는 거리를 행군하고, 싸우고, 굶주리고, 추위에 떨면서 돌파하여 그곳에 도착해 있었다."
654,산 넘어 산,그러나 폭스 후보가 넘어야 할 산도 많다.
655,산 넘어 산,하지만 아이들 교육은 산 넘어 산이라더니 .. 아니 이건 하루종일 만화책만 붙들고 있는 것이 아닌가?
656,산 넘어 산,(5) `외면당한 성' 임신.출산 산넘어 산
657,산 넘어 산,"그러나 그는 ""의약분업이 시행되더라도 의사들의 자발적인 협조를 얻어내기는 힘들 것""이라고 말해 의약분업의 완전한 정착까지는 넘어야 할 산이 많음을 암시했다."
658,산 넘어 산,계도기간 12일째 중간점검 /의약분업 `산넘어 산'
659,산 넘어 산,그날 섭씨 35도를 넘는 폭염 속에 산을 오르며 또하나의 교훈을 얻었다.
660,산 넘어 산,"그러나 산을 넘으면 또다른 산이 기다리는 법. 주가 상승에 따라 종합주가지수가 120일 이동평균선 돌파에 접근하면서 두터운 매물벽이 버티고 서 있지만, 주도주는 여전히 부각되지 않고 있다."
661,산 넘어 산,그러나 안정적인 남북관계 진전을 위해선 넘어야 할 산이 적지 않다.
662,산 넘어 산,▽1000가구를 넘는 곳〓사공이 많으면 배가 산으로 가듯 조합원이 많을수록 사업이 지연될 가능성도 크다.
663,산 넘어 산,물론 북한의 이같은 움직임이 한반도 및 동북아의 안정과 평화에 기여하는 방향으로 진행돼 '윈―윈 게임'이 되려면 넘어야 할 산들은 아직도 더 있다.
664,산 넘어 산,그러나 앞으로 넘어야 할 산도 많다.
665,산 넘어 산,반면 국내에서는 넘어야 할 산이 많은 게 현실이다.
666,산 넘어 산,"""산 넘어 산이다."""
667,산 넘어 산,하지만 그 사실까지 이해하기 위해서 독자가 넘어야 할 산은 무척 높은 듯 싶다.
668,산 넘어 산,"이에 따라 대화를 통한 극적인 사태 해결에 실낱같은 희망을 걸 수 있게 됐지만, 양측간의 입장차이가 여전히 좁혀지지 않아 타협이 이뤄지려면 '산 넘어 산'이 될 것이라는 관측이 지배적이다."
669,산 넘어 산,불볕더위 전국 표정;주말 30도 넘는 폭염 산·바다엔 피서객 북적;
670,산 넘어 산,"하지만 현대측이 밝힌 합의내용 중 상당부분의 시행시기·방법이 기존 계획과 중복되는 데다, 일부 계열사의 자금사정 악화로 현대그룹의 투자자금 여력이 넉넉하지 않은 점과 투자자 유치문제 등 앞으로 넘어야 할 산들이 많은 것도 사실이다."
671,산 넘어 산,대표선발전 출전 자격을 따내더라도 시드니행 티켓을 손에 쥐려면 82m 이상을 던져야 할 정도로 산넘어 산이지만 브라운은 '포기' 라는 단어를 모른다.
672,산 넘어 산,특히 무선인터넷 게임 시장은 경쟁이 심한데다 요금문제 등 통신사업자와의 긴밀한 협조가 선결돼야 하는 등 넘어야 할 산도 만만찮다.
673,산 넘어 산,"▶스즈키 노리유키=""남북이 대화를 이어가기 위해선 서로 자극하지 않도록 행동과 말을 억제하는 것이 과제입니다.金위원장의 서울 방문은 합의됐지만 현실적으로 어렵지 않겠느냐는 생각도 듭니다.그러나 설령 답방이 어렵다 하더라도 실무적인 대화가 지속되도록 해야 합니다.또 하나는 이번 합의에는 92년 남북기본합의서와 달리 세부적이고 구체적인 항목이 없어요.그런 만큼 세부적인 항목은 남북당국간 대화에서 다뤄야합니다.아직 넘어야할 산이 많아요."""
674,산 넘어 산,하지만 이제 출발일 뿐 앞으로 넘어야 할 산은 겹겹이 남아 있다.
675,산 넘어 산,하지만 현실화하려면 넘어야 할 산이 있다.
676,산 넘어 산,이미 1백조원을 훌쩍 넘어선 국가 부채는 계속 불어나는 등 산 넘어 산이다.
677,산 넘어 산,하지만 넘어야 할 산이 많다.
678,산 넘어 산,"""그때마다 산을 하나씩 넘는 기분이었죠."
679,산 넘어 산,"한강의 거대한 물줄기, 한강변 낙조, 강남.강북의 시가지, 외곽의 멋진 산, 주위에 하늘만이 보이는 통쾌한 이 아름다움. 이를 경제가치로 환산하면 최소 500억원이 넘을 것이다."
680,산 넘어 산,비틀거리는 지방의회와 의원들의 자질시비는 35년만에 어렵사리 되찾은 풀뿌리 지방자치가 넘어야 할 산이다.
681,산 넘어 산,의협 골깊은 내부갈등 사태수습도 산넘어 산
682,산 넘어 산,승리가 절실한 만큼 넘어야 할 산도 높아 보인다.
683,산 넘어 산,하지만 결합재무제표가 제 힘을 발휘하기까지는 아직 넘어야 할 산이 있는 것 같다.
684,산 넘어 산,입자들의 주기율표는 완성됐지만 21세기에 물리학이 넘어야할 또 다른 큰 산이 있다.
685,산 넘어 산,곳곳에 넘어야 할 산이 있다.
686,산 넘어 산,"우리 역사와 우리 염원이 산넘고 물건너 여기 하나로 합치듯….""(작가 박범신의 축시)"
687,산 넘어 산,"""한라의 흙은 물을 넘고 백두의 물은 산을 넘는다."
688,산 넘어 산,"그러나 우리는 이번 만남이 주는 감격과 희열은 민족 화해, 통합이란 거보를 딛기 위한 첫걸음이며 아직 넘어야 할 산이 많다는 걸 잊어서는 안된다."
689,산 넘어 산,"""모든 장벽을 물리치고 산 넘고 물 건너 감격적인 핏줄의 만남을 이룬 날을 기념하여 역동적인 필세로 그린 작품."""
690,산 넘어 산,지도상 거리는 짧아 보이나 산을 넘기 때문에 험하므로 가급적 피하도록. 특히 야간운전은 피하자.
691,산 넘어 산,하지만 안정환이 이탈리아에서 넘어야 할 산도 만만찮다.
692,산 넘어 산,아직도 넘어야 할 산이 많다.
693,산 넘어 산,"밤을 타고 산을 넘는 처참한 나날이었으나 그래도 입에서는 ""끝까지 지휘관 동무를 따라가겠습니다""라는 말이 자연스럽게 나왔다."
694,산 넘어 산,"산 속에서 혼자 1년 넘게 피정의 집을 지어야 할 상황이 되면 ""차라리 순교가 낫겠다""는 불평이 나오고(문화순 수녀) 딸이 보고 싶어 수녀원을 찾아 온 어머니를 돌려보내고는 아픈 마음을 달래기도 한다(기태옥 수녀)."
695,산 넘어 산,일행은 동굴 앞에서 경건히 큰 절을 하고 난 다음 산상의 경치를 감상하고는 산을 넘어서 망해사(망해사)로 내려오는 것이다.
696,산 넘어 산,현대는 공단개발로 그간 대북사업에 투자한 원금을 일거에 만회하겠다는 각오이지만 넘어야 할 산이 만만치 않은 게 사실이다.
697,산 넘어 산,그런 점에서 정부가 해결안을 내놓더라도 이번 사태가 원만히 매듭지어지려면 넘어야 할 산이 많다고 보는 시각도 있다.
698,산 넘어 산,양측 사이엔 그러나 넘어야 할 산들이 많다.
699,산 넘어 산,중동회담 산넘어 산
700,산 넘어 산,국내 여론의 향배도 넘어야 할 산이다.
701,산 넘어 산,또 박재란의 '산넘어 남촌에는…' 이 흘러나오는 시골집 마루에 앉아 대학생이 된 복녀의 아들과 순이가 화투를 치며 주고받는 이야기에는 뜨거운 가족애가 느껴진다.
702,산 넘어 산,두바이산 유가 28달러 넘어 최고치 기록
703,산 넘어 산,본격 상승 국면으로 가기에는 아직 넘어야 할 산이 많다는 점도 감안해야겠다.
704,산 넘어 산,그러나 진정한 전문경영인 체제로 가는데 넘어야할 산들도 많다.
705,산 넘어 산,하지만 인간 복제는 그야말로 어불성설이고 질병 치료를 위한 세포 복제조차 여전히 넘어야 할 산이 많다고 로슬린측은 솔직히 고백했다.
706,산 넘어 산,광명천이 흐르는 서울 독산역 부근의 '진명C&C' . 3백여평의 공터에 30만대가 넘는 휴대폰 단말기가 산을 이루고 있다.
707,산 넘어 산,통합을 앞두고 있는 스미토모.사쿠라은행의 연합(6천7백85억엔)과 산와(三和).도카이(東海).아사히은행 그룹(6천2백44억엔) 및 도쿄미쓰비시.미쓰비시신탁 그룹(6천33억엔)도 업무순익이 모두 6천억엔을 넘었다.
708,산 넘어 산,우리가 가장 많이 쓰는 두바이산 유가는 지난달 배럴당 평균 22달러선에서 최근 25달러를 넘었다.
709,산 넘어 산,그러나 이번 선언에도 불구하고 궁극적인 비핵화를 실현하기 위해선 넘어야 할 산이 많다.
710,산 넘어 산,산을 넘은 뒤 북한강을 따라 청평으로 가는 363번 지방도변에는 모터보트.제트스키.수상스키 등을 즐길 수 있는 시설이 여러곳 있다.
711,산 넘어 산,여기서 산을 넘어 북한강으로 가려면 첫 삼거리에서 좌회전(발전소 방향)한 뒤 다음 갈래길부터는 이정표가 가리키는 복장리 방향으로 따라가면 된다.
712,산 넘어 산,"산을 넘으면 호수처럼 고요한 북한강이 펼쳐지고, 건너편 강변에는 빨갛고 파란 지붕을 한 작은 집들이 점점이 들어섰다."
713,산 넘어 산,이동통신 사업자들의 반발을 무마하고 법률도 개정해야 하는 등 넘어야 할 산이 많다.
714,산 넘어 산,커다란 흑판을 짊어지고 학생들을 찾아 험준한 산을 넘어다니는 선생들이 있다는 이야기는 너무나 감동적이었다.
715,산 넘어 산,"◇ 농민.시민단체의 반발〓예정부지의 30%가 넘는 26만여평의 땅을 소유한 장흥 오씨 문중은 ""6백여년동안 지켜온 시조산을 말굽에 짓밟히게 할 수 없다"""
716,산 넘어 산,◇ 넘어야 할 산 많은 세이클럽〓그럼에도 불구하고 일반 전화선 접속 서비스 만으로는 성장 가능성이 제한될 수밖에 없다.
717,산 넘어 산,◇ 넘어야할 산도 험난〓온라인 과외교육이 고액과외의 대안으로 떠오르고는 있지만 해결해야 할 문제도 있다.
718,산 넘어 산,국내에서는 현대투신 문제가 현대그룹의 자구계획 발표로 한고비를 넘겼지만 아직도 '산넘어 산' 같은 양상이다.
719,산 넘어 산,하지만 전자 공업단지 조성을 비롯한 대북 사업에는 넘어야 할 산이 적지 않다.
720,산 넘어 산,'올해 안 법 개정안 국회 제출'이라는 큰 목표는 정해졌으나 넘어야 할 산이 많다.
721,산 넘어 산,"볼보는 흑자 전환과 투명하고 혁신적인 경영스타일로 한국기업과 경영인들로부터 주시의 대상이 되고 있지만, 성공한 한국의 외국기업으로 자리잡아 '볼보 혁명'을 성공시키려면 '문화적 차이'라는 넘어야 할 산이 남아있는 것이다."
722,산 넘어 산,일단 긴급 자금수혈로 급한 불은 끌 수 있을 것으로 보고 있지만 향후 채권금융기관의 기관 이기주의와 현대의 유동성확보 계획 차질 등 자금위기를 완전히 벗어나기 위해서는 앞으로 넘어야 할 산이 적지 않다는 얘기다.
723,산 넘어 산,문화재위원회가 26일 풍납토성 내 경당연립 재건축 부지를 사적으로 지정해 보존하기로 결정했으나 풍납토성 문제가 해결되기 위해선 넘어야 할 산이 아직 많다.
724,산 넘어 산,부천시는 원미구 춘의동 산 19 일대에 97년 4월 착공한 종합운동장 건설 작업이 최근 공정률 70%를 넘어 12월까지는 공사가 끝날 것으로 보인다고 7일 밝혔다.
725,산 넘어 산,"이 신문은 이번 남북정상회담이 매우 성공적으로 진행됐다고 전하면서도, 국가보안법 문제 등 넘어야 할 산이 많다고 지적했다."
726,산 넘어 산,교육부는 여론조사 결과와 여러가지 현실적인 벽을 감안한 끝에 과외신고제 도입으로 방향을 바꿨지만 이 역시 산 넘어 산이다.
727,산 넘어 산,"모씨는 지금도 산에 올라 버섯 균주를 채취하는 일로 하루를 시작, 새벽 1시가 넘어야 잠자리에 든다."
728,산 넘어 산,"▷ ""정상회담은 이제 넘어야 할 수많은 산의 베이스캠프. "" - 한 시민, 청와대 인터넷 홈페이지에 마련된 '정상회담에 바란다' 란 코너에서."
729,산 넘어 산,연희단 거리패는 새 보금자리인 경남 밀양시 부북면 옛 월산초등학교에서 이전 기념으로 오는 10일 '산 넘어 개똥아' 를 무대에 올린다.
730,산 넘어 산,그러나 이른바 범여권이 제대로 작동하는 데는 아직 넘어야 할 산이 많다.
731,산 넘어 산,하지만 그는 세계 정상권에 진입하기 위해서는 넘어야 할 산들이 많다는 것을 누구보다 잘 안다.
732,산 넘어 산,"현대차와 다임러의 제휴는 몽구 회장으로서는 현대차의 생존 외에 자신의 생존이라는 두 마리 토끼를 동시에 잡기 위한 승부수라 할 수 있지만, 넘어야 할 산이 아직 많다는 게 중론이다."
733,산 넘어 산,남북 정상회담의 최종 종착역인 통일까지는 넘어야 할 산이 많을 것으로 예상된다.
734,산 넘어 산,미국의 속담에 '악마는 구체적인 데 있다'는 말이 있다.그리고 한국의 속담에도 '시작은 반이다' '산넘어 산이다'라는 말이 있다.
735,산 넘어 산,최근 4연승을 포함해 8승(4패)으로 다승 공동 5위에 올라 있는 박으로선 반드시 넘어야 할 산이다.
736,산 넘어 산,남북이 통일을 향해 나아갈 때 넘어야 할 산 중 하나가 서로가 자신의 체제 우월성을 확신하고 있다는 점이다.
737,산 넘어 산,그러나 공동 이용에는 넘어야 할 산도 적잖은 실정이다.
738,산 넘어 산,넘어야 할 산으로 첩첩하고 가야할 길처럼 멀기만 한 날들이었다.
739,산 넘어 산,그러나 그에게는 넘어야할 산이 많이 남아있다.
740,산 넘어 산,산을 넘고 물 건너온 돌바람 맞으며
741,산 넘어 산,그러나 그때부터 영화보다 더 드라마틱한 남한 사회는 순진하고 무모한 우리에게 '산 넘어 산' 같은 시련을 안겨주었다.
742,산 넘어 산,"또다른 전문가도 ""시장이 상승세로 돌아서기 위해서는 수급불균형이 해소돼야 하나 신규 자금이 유입되는 징후가 아직 나타나지 않고 있다""며 ""중장기적으로는 넘어야 할 산이 많다""고 말했다."
743,산 넘어 산,복음주의자이던 부모가 가난을 고집해 잭슨은 물통을 지고 산을 넘는 아르바이트로 용돈을 벌어야 했다.
744,산 넘어 산,따라서 북한산 제품이 미국시장으로 진출해 수익을 올릴 수 있기까지는 넘어야 할 산들이 많은 것이다.
745,산 넘어 산,한빛은행 한새에게 삼성생명 비추미는 넘을 수 없는 큰 산이었다.
746,산 넘어 산,▽넘어야 할 산도 많다〓일본과 달리 한빛 조흥 외환은행은 서로 차이 없는 업무를 하고 있어 과연 어떻게 특화시킬지가 미지수다.
747,산 넘어 산,이제 남북 관계는 한 개의 큰 산을 넘었다.
748,산 넘어 산,"쾰러 총재는 ""한국의 경제위기 극복에는 IMF의 기여도 있었지만 한국인과 한국 지도자들의 의지가 컸다""며 ""한국은 아직 넘어야 할 산이 많지만 올바른 방향으로 가고 있으며, 특히 금융 기업부문에서 개혁이 지속적으로 추진돼야 할 것으로 생각한다""고 말했다."
749,산 넘어 산,사설;'의·약' 산 넘었지만 또 산;
750,산 넘어 산,정부의 강력한 천명에 따라 2차 구조조정은 시작됐지만 아직도 넘어야 할 산이 험난함을 보여주는 대목이다.
751,산넘어 산,텐트나 담요 등 구호물자를 노린 약탈이 잇따르고 있다. 
752,산넘어 산,일본어 공부는 하면 할수록 더 어려워.
753,서당개 삼 년이면 풍월을 읊는다,나는 어릴 적부터 카센터에서 잡일을 도맡아 하다 보니 이젠 혼자서 자동차 수리도 할 수 있다.
754,소문난 잔치에 먹을 것 없다,"한편 민주당은 이날 전용학 대변인 논평을 내 ""한나라당이 이런 상식 밖의 행동을 보이는 이유는 공개할 경우 '소문난 잔치에 먹을 것 없다'는 비판에 직면할 것을 두려워하거나 떳떳치 못한 내용을 논의했기 때문일 것""이라며 ""국가혁신위 실체와 목표를 밝히라""고 요구했다."
755,소문난 잔치에 먹을 것 없다,소문난 잔치에는 먹을 것이 없다고 했나.
756,소문난 잔치에 먹을 것 없다,"민주당의 평가는 G20 자체를 반대한 'G20 대응 민중행동'의 ""소문난 잔치에 먹을 게 없었다""는 결론과 별 차이가 없었다."
757,소문난 잔치에 먹을 것 없다,"이들은 이날 '소문난 잔치에 먹을 게 없었다!'는 제목의 성명서를 통해 ""가장 큰 관심을 모았던 환율과 경상수지 불균형 문제는 경주 재무장관 회의에서 결정된 '시장 결정적 환율제도'에서 더 나가지 못한 채 모호하고 실효성이 불분명한 기존 합의에 머물렀다""고 지적했다."
758,소문난 잔치에 먹을 것 없다,"[고교NIE] G20, 소문난 잔치에 먹을 것 없다?"
759,소문난 잔치에 먹을 것 없다,미·중 정상회담은 소문난 잔치에 먹을 것 없다는 말대로의 결과를 낳았다.
760,소문난 잔치에 먹을 것 없다,그러나 소문난 잔치에 먹을 것 없다고 최근에는 삼성화재의 독주였다.
761,소문난 잔치에 먹을 것 없다,'소문난 잔치에 먹을 것 없다'지만 둘이 만나면 언제나 명승부가 펼쳐졌다.
762,소문난 잔치에 먹을 것 없다,그러나 소문난 잔치에 먹을 것은 없었다.
763,소문난 잔치에 먹을 것 없다,그러나 소문난 잔치에 먹을 것이 없었다.
764,소문난 잔치에 먹을 것 없다,그러나 미국 언론은 비리와 관련해서는 '소문난 잔치에 먹을 것 없더라'는 반응이다.
765,소문난 잔치에 먹을 것 없다,"벌써 ""소문난 잔치 먹을 것 없다""는 이야기까지 나온다."
766,소문난 잔치에 먹을 것 없다,은행 자문형 신탁 '소문난 잔치 먹을 것 없다'?
767,소문난 잔치에 먹을 것 없다,'소문난 잔치에 먹을 것 없다'는 말이 딱 들어맞게 허무하기 짝이 없는 회담이었다.
768,소문난 잔치에 먹을 것 없다,"하지만 김황식 국무총리와 임태희 대통령실장, 박재완 기획재정부 장관 등 여권 수뇌부가 총출동한 이날 회의는 주요 정책에서 구체적 합의를 이루지 못한 채 원론 재확인이나 '추후 논의' 수준에 머물러, '소문난 잔치에 먹을 것 없다'는 평가가 나왔다."
769,소문난 잔치에 먹을 것 없다,소문난 잔치에 먹을 것 없다
770,소문난 잔치에 먹을 것 없다,'소문난 잔치에 먹을 게 없다'는 속담에 딱 맞는 한판이었다.
771,소문난 잔치에 먹을 것 없다,'소문난 잔치에 먹을 것 없다'는 식이다.
772,소문난 잔치에 먹을 것 없다,소문난 잔치에 먹을 것 없다는 말이 있다.
773,소문난 잔치에 먹을 것 없다,소문난 잔치에 먹을 것 없다.
774,소문난 잔치에 먹을 것 없다,G20 정상회의가 '소문난 잔치에 먹을 게 없더라'란 평가를 나중에 듣지 않았으면 한다.
775,소문난 잔치에 먹을 것 없다,이런 다양한 이야깃거리로 무장한 '모차르트!'는 먹을 것 없는 소문난 잔치는 결코 아니었다.
776,소문난 잔치에 먹을 것 없다,'소문난 잔치에 먹을 것 없다'는 속담처럼 조용하게 넘어갈 여지가 있다.
777,소문난 잔치에 먹을 것 없다,'소문난 잔치에 먹을 것이 없다'는 옛 속담을 실감했다.
778,소문난 잔치에 먹을 것 없다,"그러나 정상회담 결과에 대해 ""소문난 잔치에 먹을 것 없다""는 평가가 대세다."
779,소문난 잔치에 먹을 것 없다,'소문난 잔치에 먹을 게 없는' 격인 것이다.
780,소문난 잔치에 먹을 것 없다,'소문난 잔치에 먹을 것 없더라.'
781,소문난 잔치에 먹을 것 없다,"한 증권사 연구원은 ""최근 기관투자가들이 월드컵 기간에 SBS에 대한 실망 매물을 쏟아내는 모습이었다""면서 ""SBS로선 이번 월드컵이 소문난 잔치에 먹을 것 없는 상황이었다""고 말했습니다."
782,소문난 잔치에 먹을 것 없다,"팬들이 고대하던 류현진과 김광현의 선발 맞대결이 24일 올스타전에서 마침내 성사. 하지만 김광현은 1회에만 6점, 류현진은 2이닝 3실점하며 강판. 소문난 잔치에 먹을 것 없다더니."
783,소문난 잔치에 먹을 것 없다,'소문난 잔치에 먹을 것 없다'는 속담은 기업의 실적 발표 시즌을 맞은 주식 투자자들에게도 적용된다.
784,소문난 잔치에 먹을 것 없다,이런 사정 탓인지 미국의 추가 대북제재 조처의 효과를 두고 벌써부터 '소문난 잔치에 먹을 것이 없다'는 속담에 빗대는 전문가들도 적지 않다.
785,소문난 잔치에 먹을 것 없다,"'소문난 잔치에 먹을 것 없다'는 우리 속담과 비슷한데요, 왜 하필 쥐일까요?"
786,소문난 잔치에 먹을 것 없다,그러나 '소문난 잔치에 먹을 것 없다'고 증시 전문가들의 시장 전망은 썩 밝지는 않다.
787,소문난 잔치에 먹을 것 없다,더구나 이게 첫 '베드신'이라니. 소문난 잔치에 먹을 것 없다고 잔뜩 기대했던 관객들을 실망에 빠뜨린 의 벗는 연기는 비교도 안 된다.
788,소문난 잔치에 먹을 것 없다,"그러나 당초 예상됐던 것보다 품목이 크게 줄어든 데다 수위도 낮아 중소기업계는 ""소문난 잔치에 먹을 건 하나도 없다""며 강하게 반발하고 있다."
789,소문난 잔치에 먹을 것 없다,그러나 '소문난 잔치에 먹을 것 없다'는 말이 나올 수도 있다.
790,소문난 잔치에 먹을 것 없다,'소문난 잔치에는 먹을 것이 없다'라는 속담은 뮤지컬 '김종욱 찾기'에는 해당 되지 않는 듯하다.
791,소문난 잔치에 먹을 것 없다,소문난 잔치에 먹을 것 없다는 말이 있다.
792,소문난 잔치에 먹을 것 없다,뒤집어 해석하면 그동안 양국 간 제반 협력이 '소문난 잔치에 먹을 게 없다'라는 속담처럼 썩 원활하지 못했다는 분석이 가능하다.
793,소문난 잔치에 먹을 것 없다,"세 종편은 대선 전 문재인-안철수 후보 단일화에 대해 대부분 ""아름답지 않다"", ""막장 드라마"", ""담합이고 대국민 사기극"", ""소문난 잔치에 먹을 게 없다"""
794,소문난 잔치에 먹을 것 없다,전반은 '소문난 잔치에 먹을 것 없다' 는 속설이 딱 들어맞을 정도의 범전이었다.
795,소문난 잔치에 먹을 것 없다,채권은행들의 이번 퇴출기업 선정은 '소문난 잔치에 먹을 것 없더라'는 말이 연상될 정도로 명단 부풀리기에만 집착했다는 비판을 받고 있다.
796,소문난 잔치에 먹을 것 없다,존슨은 시드니 올림픽에서 400ｍ 2연속 우승과 세계기록 수립에 도전한다.200ｍ 2연패 도전은 무산됐다.7월 올림픽대표 선발전에서 다리 근육경련으로 탈락했기 때문.100ｍ 세계기록 보유자인 모리스 그린과 너무 치열한 신경전을 벌인 탓이었다.그린 역시 왼쪽 장딴지 부상으로 레이스를 마치지 못해 '소문난 잔치에 먹을 게 없는' 꼴이 됐다.
797,소문난 잔치에 먹을 것 없다,소문난 잔치에 먹을 게 없다.
798,소문난 잔치에 먹을 것 없다,소문난 잔치에 먹을 것 없었다.
799,소문난 잔치에 먹을 것 없다,그 결과 벤처기업인들의 현실은 상당부분 '소문난 잔치에 먹을 것 없음'을 보여줬다.
800,소문난 잔치에 먹을 것 없다,그런데 소문난 잔치 먹을 것 없다는 말 그대로다.
801,소문난 잔치에 먹을 것 없다,'소문난 잔치에 먹을 것 없다' 는 속담처럼 각종 특집이 쏟아지는 명절 연휴 TV에서 만족스런 프로그램을 찾아내기란 평소보다 쉽지 않다.
802,소문난 잔치에 먹을 것 없다,14일 미 오클랜드에서 열린 제49회째 미프로농구(NBA) 올스타전은 '소문난 잔치에 먹을 것 없다'는 속담을 무색케했다.최고기량을 지닌 선수들의 플레이 하나하나에 팬들은 저절로 탄성을 질렀다.
803,소문난 잔치에 먹을 것 없다,맛집이라는 소문을 듣고 일부러 먼길을 달려왔는데 막상 먹어 보니 맛이 없더라.
804,소문난 잔치에 먹을 것 없다,'소문난 잔치집에 먹을 것이 없다'는 말처럼 대다수 인터넷 기업들은 별다른 이익을 내지못하고 있다는 것.
805,소문난 잔치에 먹을 것 없다,'소문난 잔치에 먹을 것은 없었다.'
806,소문난 잔치에 먹을 것 없다,◆소문난 잔치에 먹을 것 없다－CNN투어
807,소문난 잔치에 먹을 것 없다,"그러나 그림 몇 점에 복사용지 설명서 한 장뿐, '소문난 잔치, 먹을 것 없다' 는 옛말이 실감났다."
808,소문난 잔치에 먹을 것 없다,"하지만 '소문난 잔치에 먹을 것이 없다'고, 당장 우리에게 떨어지는 국익은 외화내빈(外華內貧)이었다."
809,소문난 잔치에 먹을 것 없다,47년생 소문난 잔치 먹을 것이 없다.
810,소문난 잔치에 먹을 것 없다,지금까지 나온 공천안을 두고 '소문난 잔치에 먹을 것 없다'는 비판도 나온다.
811,소문난 잔치에 먹을 것 없다,실적만 늘어놓는 서류와 면접은 '소문난 잔치에 먹을 것 없는' 경우가 된다.
812,소문난 잔치에 먹을 것 없다,많은 돈을 받고 한국으로 돌아왔지만 소문난 잔치에 먹을 게 없을 수도 있다는 것이다.
813,소문난 잔치에 먹을 것 없다,소문난 잔치에 먹을 게 없었다.
814,소문난 잔치에 먹을 것 없다,"""소문난 잔치에 먹을 것 없다""라는 말도 때론 예외가 있음을 이 음반은 분명하게 보여준다."
815,소문난 잔치에 먹을 것 없다,'소문난 잔치에 먹을 게 없다'는 속담은 틀린 말이 아니었다.
816,소문난 잔치에 먹을 것 없다,구직자에게 '소문난 잔치에 먹을 것 없다'는 속담을 떠올리게 하는 곳이 있다.
817,소문난 잔치에 먹을 것 없다,소문난 잔치에 먹을 것 없다.
818,소문난 잔치에 먹을 것 없다,'요리'라는 아이템으로 관람객 모으기에는 성공했으나 전시 내용이 부실해 '소문난 잔치에 먹을 게 없다'는 반응이 많다.
819,소문난 잔치에 먹을 것 없다,소문난 잔치에 먹을 게 없다는 표현이 딱 맞다.
820,소문난 잔치에 먹을 것 없다,하지만 소문난 잔치에 먹을 게 없다는 말이 딱 들어맞는 경기였다.
821,소문난 잔치에 먹을 것 없다,"역시, 소문난 잔치엔 먹을 게 없었다."
822,소문난 잔치에 먹을 것 없다,먹을 것 없는 소문난 잔치. 25일 열린 북한 최고인민회의에 대해 대북 전문가들이 내놓은 비유다.
823,소문난 잔치에 먹을 것 없다,소문난 잔치에 먹을 것 없다고 했다.
824,소문난 잔치에 먹을 것 없다,이달 말 오바마 대통령과의 미일 정상회담에서 '소문난 잔치에 먹을 것 없다'는 말이 나올까봐 걱정이다.
825,소문난 잔치에 먹을 것 없다,"한 영남 의원은 ""소문난 잔치에 먹을 것이 없다고 감동이나 새로움 없는 졸속의 냄새가 나는 공천기준안""이라고 혹평했다."
826,소문난 잔치에 먹을 것 없다,"그러니 ""소문난 잔치, 먹을 것 없다""는 이야기가 나오는 것이다."
827,소문난 잔치에 먹을 것 없다,"'한지붕 두가족'은 너무나도 서로를 잘 알고 있었고, 소문난 잔치엔 먹을 것이 없었다."
828,소문난 잔치에 먹을 것 없다,그래서 '소문난 잔치에 먹을 것 없다'는 속담처럼 주포의 대결은 찾아보기 힘들었다.
829,소문난 잔치에 먹을 것 없다,"공모주 5만株 신청해봐야 고작 33주 손에 넣어… ""소문난 잔치에 먹을 게 없다?"""
830,소문난 잔치에 먹을 것 없다,"이 나이트클럽에는 소문을 듣고 몰려온 취재진과 일반인들로 북새통을 이뤘으나 하나같이 ""소문난 잔치에 먹을 것 없다""며 발길을 돌렸다."
831,소문난 잔치에 먹을 것 없다,소문난 잔치에 먹을 게 없다는 속담이 있다.
832,소문난 잔치에 먹을 것 없다,하지만 '소문난 잔치 먹을 것 없다'고 했던가.
833,소문난 잔치에 먹을 것 없다,소문난 잔치에 먹을 것 없는 격이었다.
834,소문난 잔치에 먹을 것 없다,'소문난 잔치에 먹을 게 없다'는 말처럼 대부분의 행사가 참석자들 위주로 돼 있다.
835,소문난 잔치에 먹을 것 없다,"또 이날 EBS 수능 사이트에 새로운 강의내용이 너무 적게 올려져, 학생들로부터 '소문난 잔치에 먹을 게 없다'는 불만도 샀다."
836,소문난 잔치에 먹을 것 없다,"며칠 후로 다가온 17대 총선이 우리정치의 커다란 전환점이 되리라는 예감은 우리 모두 갖고 있다.하지만 정작 선거운동의 막바지를 지배하고 있는 것은 단지 거대야당 심판론 대 거대여당 경계론뿐이다.소문난 잔치에 먹을 것이 없다는 속담처럼, 이번 선거는 중대한 역사적인 의미에도 불구하고 뜨거운 쟁점 없이 수다만 떠는 미국 코미디를 닮아서 사인펠드 선거가 되어가고 있다."
837,소문난 잔치에 먹을 것 없다,"20자평:스쿠비의 '소문난 잔치', 먹을 게 없다?(동아일보 영화팀)"
838,소문난 잔치에 먹을 것 없다,"""소문난 잔치에 먹을 게 없다""는 것이다."
839,소문난 잔치에 먹을 것 없다,극적 리듬이 지나치게 느린 게 치명적 흠. 소문난 잔치에 먹을 것 없는 사례랄까.
840,소문난 잔치에 먹을 것 없다,소문난 잔치에 먹을 것 없다더니 '분신사바'(8월 5일 개봉)가 딱 그 짝이다.
841,소문난 잔치에 먹을 것 없다,연극 리뷰 '남자충동' : 소문난 잔치에 먹을 게 없다고 ?
842,소문난 잔치에 먹을 것 없다,소문난 잔치에 먹을 건 없었다.
843,소문난 잔치에 먹을 것 없다,그러나 소문난 잔치에 먹을 것 없다고 결과는 15회 무승부. 이노키는 경기 내내 드러누운 채 로우 킥만 연발했고 알리는 핵펀치 한번 날려보지조차 못한 채 발차기 선수로 변신해야 했다.
844,소문난 잔치에 먹을 것 없다,애니콜프로농구 4강플레이오프에서 마주친 이들의 맞대결 앞에선 '소문난 잔치에 먹을 것 없다'는 말이 무색했다.
845,소문난 잔치에 먹을 것 없다,'소문난 잔치에 먹을 것 없다' 는 속담처럼 미국 금리 인하는 증시에 별다른 영향을 끼치지 못했다.
846,소문난 잔치에 먹을 것 없다,"""약국지도가 바뀌고 있다/가끔 부끄러운 순간이 있다/어린이날엔 공원에 가지 말자/여성들만 외모에 집착한다고 생각하면 벌써 구식이다/우리 아이 영재 맞나요/베이징의 5월은 유달리 인파로 북적인다/베트남이 가깝게 다가오고 있다/ '소문난 잔치에 먹을 것 없다' 는 속담처럼 미국 금리 인하는 증시에 별다른 영향을 끼치지 못했다"""
847,소문난 잔치에 먹을 것 없다,"권 대변인은 또 ""소문난 잔치에 먹을 것 없다더니 그동안 민주당 내에서 제기된 법무부장관 인선파동 책임론과 정풍 문제가 아무런 결론 없이 끝났다""며 ""책임론은 꼬리를 내리고 정풍이 허풍(虛風)으로 된 데 대해 온 국민이 허탈해할 것""이라고 말했다."
848,소문난 잔치에 먹을 것 없다,하지만 이 작품은 화려한 스타들의 이름 값에도 불구하고 먹을 게 별로 없는 '소문난 잔치'로 끝난다.
849,소문난 잔치에 먹을 것 없다,소문난 잔치 먹을것 없네
850,소문난 잔치에 먹을 것 없다,"하지만 소문난 잔치에 먹을 것 없다고, 풍성한 메뉴에 비해 '잘 된' '볼 만한' 오페라는 몇 편에 불과하다."
851,소문난 잔치에 먹을 것 없다,요즘 증시를 들여다보면 '소문난 잔치에 먹을 것 없다'는 속담이 생각난다.
852,소문난 잔치에 먹을 것 없다,'소문난 잔치에 먹을 것 없다'는 개막전 징크스가 나오기 시작한 것은 1966년 잉글랜드 대회부터다.
853,소문난 잔치에 먹을 것 없다,'소문난 잔치 먹을 것이 없다'는 한국 속담이 그것을 잘 반영하고 있다.
854,소문난 잔치에 먹을 것 없다,그러나 '소문난 잔치 먹을 것 없다'는 속설도 있듯이 이 초호화판 드라마가 과연 성공할지는 두고 볼 일이다.
855,소문난 잔치에 먹을 것 없다,소문난 잔치에 먹을 것 없다?
856,소문난 잔치에 먹을 것 없다,"장순복 대륙항공여행사 사장은 ""소문난 잔치에 먹을 것이 없다는 말이 있듯이 큰 행사에는오히려 불경기가 되는 일이 종종 있다""며 ""이번 대회에 해외 관광객을 전문으로 영업하는 업체는 큰 불황""이라고 말했다."
857,소문난 잔치에 먹을 것 없다,"앞으로 ""소문난 잔치, 먹을 것 없다""는 이야기가 다시 나온다면 공공기관 개혁은 사실상 물 건너간 것이다."
858,소문난 잔치에 먹을 것 없다,하지만 '소문난 잔치에 먹을 것 없다'고 했던가.
859,소문난 잔치에 먹을 것 없다,'소문난 잔치에 먹을 것이 없다'라는 옛 속담이 문득 들면서 돌아오는 길에 우연히 들른 광화문 어느 빌딩 로비에서 전시회를 하는 신예작가의 작업에서 오히려 더 많은 감흥을 담아온 날이었다.
860,소문난 잔치에 먹을 것 없다,소문난 잔치에는 먹을 게 없다는 말이 딱 들어 맞는다.
861,소문난 잔치에 먹을 것 없다,하지만 소문난 잔치 먹을 것 없는 전형적 예로 귀결되었다.
862,소문난 잔치에 먹을 것 없다,소문난 잔치에 먹을 것 없는 것도 문제지만 잘 차린 잔치가 소문이 안 나는 바람에 음식들이 버려진다면 그것도 문제다.
863,소문난 잔치에 먹을 것 없다,역시 소문난 잔치엔 먹을 것이 없었다.
864,소문난 잔치에 먹을 것 없다,'소문난 잔치에 먹을 거 없다'는 옛말이 맞는 걸까.
865,소문난 잔치에 먹을 것 없다,"[시론] 소문난 잔치, 먹을 것 없었다"
866,소문난 잔치에 먹을 것 없다,"""소문난 잔치에 먹을 것 없다."""
867,소문난 잔치에 먹을 것 없다,'소문난 잔치에 먹을 것 없다'고 하지만 생각보다 유용한 장볼 거리가 많았다.
868,소문난 잔치에 먹을 것 없다,그러나 소문난 잔치에 먹을 것은 없었다.
869,소문난 잔치에 먹을 것 없다,"김세종 중소기업연구원 연구조정실장도 ""소문난 잔치에 먹을 것이 없다""며 ""은행의 자율적인 자금 지원을 담보할 수 있는 구체적인 방안이 없어 실효성이 의심스럽다""고 말했다."
870,소문난 잔치에 먹을 것 없다,"종합계획안 확정에 앞서 각 지자체는 지역발전을 위해 건의와 요구를 하고 있으나, 정부 지원이 '소문난 잔치에 먹을 것 없는'으로 끝날 가능성도 없지는 않다."
871,소문난 잔치에 먹을 것 없다,'소문난 잔치에 먹을 것 없다'라는 말처럼 경기 종료 1분 전까지만 해도 양 팀 모두 승리보다는 지지 않는 경기를 하려는 듯 공격에 별로 적극적이지 않았다.
872,소문난 잔치에 먹을 것 없다,그러나 영화는 '소문난 잔치에 먹을 것 없다'는 경구를 확인시켜준다.
873,소문난 잔치에 먹을 것 없다,소문난 잔치에 먹을 것 없었다고 할 일이 아니다.
874,소문난 잔치에 먹을 것 없다,"◆소문난 잔치, 먹을 것 없다"
875,소문난 잔치에 먹을 것 없다,이렇게 찬찬히 따져 보면 이야기만 무성하지 '소문난 잔치에 먹을 것 없는' 형국이다.
876,소문난 잔치에 먹을 것 없다,"제작비 430억여원이 투입돼 3년여에 걸쳐 제작된 김종학·송지나 콤비의 판타지 사극 '태왕사신기'. 수차례 방송 일정이 연기되고, 제작 과정의 잡음과 관련된 루머가 이어지며 '소문난 잔치에 먹을 것 없다'는 싸늘한 시선을 받았다."
877,소문난 잔치에 먹을 것 없다,소문난 잔치에 먹을 것 없다는 속담이 증시에도 딱 들어맞는 것 같다.
878,소문난 잔치에 먹을 것 없다,'소문난 잔치에 먹을 것 없었다'는 것이었다.
879,소문난 잔치에 먹을 것 없다,괜히 소문난 잔치에 먹을 거 없다는 말 나오는 건 아닐지 걱정입니다.
880,소문난 잔치에 먹을 것 없다,"소문난 잔치에 먹을 것이 없듯이, 시장은 많은 사람들이 예측하는 방향과는 반대로 가는 경향이 많았음을 유념하자."
881,소문난 잔치에 먹을 것 없다,이번 중국과 인도의 만남에서는 획기적인 경협 방안이 나오지 않아 '먹을 것 없는 소문난 잔치'라는 평가도 나왔다.
882,소문난 잔치에 먹을 것 없다,"그러나 '소문난 잔치에 먹을 것 없다'고, '진짜 사람 이야기'는 찾아보기 어려운 게 요즘이다."
883,소문난 잔치에 먹을 것 없다,《국내 증시의 대표적 인수합병(M&A) 재료였던 미국계 헤지펀드 '아이칸 연합'의 KT&G에 대한 M&A설(說)은 '소문난 잔치에 먹을 것 없다'는 옛말을 여실히 입증했다.
884,소문난 잔치에 먹을 것 없다,"그동안 '먹을 것 없는 소문난 잔치'에 머물렀던 두 팀이 선수보강을 계기로 도약할지, 컵대회 중반기의 관전 포인트다."
885,소문난 잔치에 먹을 것 없다,"소문난 잔치 먹을 것 없듯이, 내놓고 하는 민생투어만으로는 민생에 도움이 되지 않음이다."
886,소문난 잔치에 먹을 것 없다,"그러나 그라운드에서 지루한 공방이 이어져 ""소문난 잔치 먹을 것 없다""는 평이 나오기도 했다."
887,소문난 잔치에 먹을 것 없다,"""소문난 잔치에 먹을 것 없다""고 했던가."
888,소문난 잔치에 먹을 것 없다,"박합수 부동산팀장도 ""정부 대책과 금융감독 당국의 주택담보 대출 억제책까지 겹쳐 상당한 파급효과를 낼 것""이라고 전망했고, 박영선 피비전담 세무사는 ""'소문난 잔치에 먹을 것 없다'는 말이 이번에는 해당되지 않을 정도로 강력한 부동산 대책""이라고 말했다."
889,소문난 잔치에 먹을 것 없다,12년 만의 만남으로 기대를 모았던 남북 축구대표팀의 경기는 '소문난 잔치에 먹을 것 없다'는 속담만 확인시켜줬다.
890,소문난 잔치에 먹을 것 없다,소문난 잔치에 먹을 것은 없었다.
891,소문난 잔치에 먹을 것 없다,낫지만 '소문난 잔치에 먹을 것 없기'는 마찬가지였다.
892,소문난 잔치에 먹을 것 없다,하지만 막상 전시의 뒤끝에 떠오르는 건 소문난 잔치 먹을 것 없다는 속담이었다.
893,소문난 잔치에 먹을 것 없다,"""소문난 잔치에 먹을 것이 없다""는 속담처럼 이번 발표에는 그동안 제기되었던 각종 의혹 외에 추가로 새로운 사실이 밝혀진 것은 별로 없다."
894,소문난 잔치에 먹을 것 없다,"'소문난 잔치에 먹을 것 없다'는 옛 말, 올 여름에는 잊자."
895,소문난 잔치에 먹을 것 없다,최근 김수현·김정수 작가의 맞대결로 출발부터 화제를 낳았던 주말극 '부모님 전상서'(KBS2)와 '한강수타령'(MBC)은 '소문난 잔치 먹을 것 없다'는 속담을 보기 좋게 비웃었다.
896,소문난 잔치에 먹을 것 없다,"15일 '소문난 잔치에 먹을 것 없다'는 속담 그대로 마무리된 러시아 유전개발 의혹 특검은 한나라당과 민주당, 민주노동당, 자민련 등 야4당이 공동발의한 특검법안이 지난 6월30일 국회 본회의를 통과함에 따라 시작됐다."
897,소문난 잔치에 먹을 것 없다,"소문난 잔치에 먹을 것 없다고, 헬리콥터 소리 요란히 울리며 성남아트센터 무대에 오른 〈미스사이공〉은 젊은 배우들의 가창력 외에는 별다른 특장도 없이 불쾌지수만 높이는 작품이었다."
898,원숭이도 나무에서 떨어진다,"원숭이가 나무에서 떨어진 게 아니라 오를 수 없는 나무를 오르려 했던 것은 아닌지 돌이켜보라""며 박 원내대표에게 직격탄을 날렸다."
899,원숭이도 나무에서 떨어진다,"강봉균 의원은 ""원숭이가 타서는 안 될 나무(영수회담)를 타려다 떨어졌다""고 했다."
900,원숭이도 나무에서 떨어진다,"사마의조차 ""공명이 그런 사람을 쓰다니 원숭이도 나무에서 떨어질 때가 있구나""라며 크게 웃었다."
901,원숭이도 나무에서 떨어진다,"그래서 ""원숭이도 나무에서 떨어질 때가 있다""는 속담도 생겼다."
902,원숭이도 나무에서 떨어진다,<114> Even monkeys fal l from the tree. 원숭이도 나무에서 떨어질 때가 있다.
903,원숭이도 나무에서 떨어진다,사활(死活)에 관한 한 이세돌 9단도 인정하는 박정환 9단인데 원숭이가 그만 나무에서 떨어졌다.
904,원숭이도 나무에서 떨어진다,"그는 당선 소감에서도 ""원숭이는 나무에서 떨어지면 원숭이지만, 사람은 선거에서 떨어지면 사람도 아니다""라며 ""지난 4년간은 좌절과 고통의 연속이었다""고 말했다."
905,원숭이도 나무에서 떨어진다,호랑이(Tiger Woods를 가리킴)도 나무에서 떨어질 때가 있지. A: 그 변형(속담을 약간 변형하여 원숭이 대신 호랑이를 쓴 것) 재미있다.
906,원숭이도 나무에서 떨어진다,원숭이가 나무에서 떨어진 까닭은 두 가지였다.
907,원숭이도 나무에서 떨어진다,긴팔원숭이가 풀썩 큰 소리를 내며 제법 떨어진 나무로 뛰어내린다.
908,원숭이도 나무에서 떨어진다,"옛날 디제이가 자주 하던 말대로, 원숭이는 나무에서 떨어져도 원숭이지만, 국회의원이 선거에서 떨어지면 사람도 아니다."
909,원숭이도 나무에서 떨어진다,하지만 원숭이도 나무에서 떨어질 때가 있다던가.
910,원숭이도 나무에서 떨어진다,"'원숭이는 나무에서 떨어져도 원숭이지만, 국회의원은 선거에서 떨어지면 사람도 아니다.'"
911,원숭이도 나무에서 떨어진다,"오노 반보쿠(大野伴睦)라는 일본 정치인의 말처럼 '원숭이는 나무에서 떨어져도 원숭이지만, 국회의원은 선거에서 떨어지면 그냥 사람일 뿐'이다."
912,원숭이도 나무에서 떨어진다,"사람들은 암 전문의가 암 걸렸으니, 원숭이가 나무에서 떨어졌다고 했다."
913,원숭이도 나무에서 떨어진다,"지혜로운 속담에서 지적했다시피, 물론 원숭이가 아예 나무에서 떨어지는 경우도 있다."
914,원숭이도 나무에서 떨어진다,원숭이도 때론 나무에서 떨어지는 법이다.
915,원숭이도 나무에서 떨어진다,원숭이가 나무에서 떨어지듯 빗나간 예측도 많았다.
916,원숭이도 나무에서 떨어진다,새끼 원숭이는 곧잘 나무에서 떨어진다.
917,원숭이도 나무에서 떨어진다,3회 연속 올림픽 금메달리스트인 그 선수도 이번 경기에서는 실수를 하더라.
918,원숭이도 나무에서 떨어진다,"의사인 자신의 대장암을 진행된 상태에서 발견했으니…, 원숭이가 나무에서 떨어진 격이다."
919,원숭이도 나무에서 떨어진다,원숭이도 나무에서 떨어질 때가 있다.
920,원숭이도 나무에서 떨어진다,"그는 당선 일성으로 ""원숭이는 나무에서 떨어지면 원숭이지만 사람은 선거에서 떨어지면 사람도 아니었다""며 낙선 이후 지난 4년 동안의 소회를 털어놨다."
921,원숭이도 나무에서 떨어진다,"[Foreign Book Review] 원숭이도 나무에서 떨어질 때가… '거인'의 실수를 막는 법;Think Again - Sydney Finkelstein, Jo Whitehead, Andrew Campbell"
922,원숭이도 나무에서 떨어진다,원숭이는 나무에서 떨어져도 원숭이지만 우리나라에서 기업인은 한번 실패하면 사람도 아니다.
923,원숭이도 나무에서 떨어진다,'원숭이는 나무에서 떨어져도 원숭이지만 정치인은 선거에서 떨어지면 사람도 아니다.'
924,원숭이도 나무에서 떨어진다,"나무에서두…, 원숭이 떨어진다? 일취월장? 뜻이요?"
925,원숭이도 나무에서 떨어진다,'원숭이도 나무에서 떨어진다'던가.
926,원숭이도 나무에서 떨어진다,"▷ ""원숭이는 나무에서 떨어져도 원숭이지만, 기업인들은 회사가 망하면 사람도 아니다."
927,원숭이도 나무에서 떨어진다,사람이 나무에 오르면 떨어질까봐 무서워하지만 원숭이는 나무에 매달려 지내는 것이 편해 보인다.
928,원숭이도 나무에서 떨어진다,"하지만, 원숭이도 나무에서 떨어질 때가 있는 법. 지난 2월 이른바 '일장춘몽' 사건은 그로선 ""돌이키고 싶지 않은 기억""이다."
929,원숭이도 나무에서 떨어진다,"'원숭이야 나무에서 떨어져도 원숭이지만,국회의원 떨어지면 사람도 아니다'고 않던가."
930,원숭이도 나무에서 떨어진다,하지만 원숭이도 나무에서 떨어지는 법. 처음 염색을 하다보면 멋쟁이도 실수를 한다.
931,원숭이도 나무에서 떨어진다,"국회의원 13선. 간사장 시절에는 총선에서 낙선한 의원들을 모아놓고 ""원숭이는 나무에서 떨어져도 원숭이지만 국회의원은 떨어지면 그냥 보통사람일 뿐이다."
932,원숭이도 나무에서 떨어진다,"▷ ""원숭이도 나무에서 떨어진다는 말이 바로 이럴 때 쓰는 것 같다."""
933,원숭이도 나무에서 떨어진다,그야말로 원숭이가 나무에서 떨어진 격이었다.
934,원숭이도 나무에서 떨어진다,원숭이도 나무에서 떨어진다더니 '쌕쌕이' 김민호가 제 꾀에 걸리고 말았다.
935,원숭이도 나무에서 떨어진다,원숭이들이 나무에서 떨어진 꼴입니다.
936,원숭이도 나무에서 떨어진다,"""원숭이가 나무에서 떨어지면 그대로 원숭이지만 국회의원이 선거에서 떨어지면 사람도 아니다."""
937,원숭이도 나무에서 떨어진다,"진념(陳稔) 전 경제부총리는 이날 오찬 연설에서 ""일본과 한국에서는 원숭이가 나무에서 떨어져도 원숭이지만 사람이 선거에서 떨어지면 사람 취급을 못 받는다고들 한다""며 ""그런 보잘 것 없는 저를 포럼에 초청해줘 영광""이라고 말했다."
938,원숭이도 나무에서 떨어진다,"원숭이는 나무에서 떨어져도 원숭이지만, 고시생은 시험에서 떨어지면 보통 사람의 삶도 살 수 없다."
939,원숭이도 나무에서 떨어진다,'원숭이도 나무에서 떨어진다'던가.
940,원숭이도 나무에서 떨어진다,원숭이가 나무에서 떨어진 것일까?
941,원숭이도 나무에서 떨어진다,그러나 원숭이도 나무에서 떨어진다는 말처럼 김 감독에게도 승리는 영원하지 않았다.
942,원숭이도 나무에서 떨어진다,그가 제일 좋아하는 묘기는 '날아다니는' 공중 재주. 원숭이도 나무에서 떨어진다는데 사람인들 실수가 없을까.
943,원숭이도 나무에서 떨어진다,"조흥은행 서춘수 재테크 팀장은 ""부동산 투자 고수라는 큰손들도 오피스텔에 의외로 많이 물려 있는데 원숭이가 나무에 떨어진 격이라는 말도 나온다""고 말했다."
944,원숭이도 나무에서 떨어진다,원숭이도 나무에서 떨어질 때가 있다고 했던가.
945,원숭이도 나무에서 떨어진다,원숭이도 나무에서 떨어질 때가 있다.
946,원숭이도 나무에서 떨어진다,그러나 원숭이도 나무에서 떨어진다는 말처럼 김 감독에게도 승리는 영원하지 않았다.
947,원숭이도 나무에서 떨어진다,"원숭이와 관련된 속담은 ""원숭이 낯짝 같다""(술을 많이 마셔 얼굴이 붉게 된 사람을 두고 하는 말) ""원숭이 잔치다""(먹을 것도 없이 부산하기만 하다는 뜻) ""원숭이도 나무에서 떨어질 때가 있다"""
948,원숭이도 나무에서 떨어진다,원숭이가 나무에서 떨어졌다.
949,원숭이도 나무에서 떨어진다,원숭이가 나무에서 떨어졌으니 어디 가서 말도 못했죠.
950,원숭이도 나무에서 떨어진다,"임태희 여의도연구소장은 ""제발 대통령이 이성을 찾기를 바란다""며 ""바둑판에서 묘수는 세 번 통하지 않고, 원숭이가 나무에서 떨어지듯 정치 10단도 정치로 망할 수 있다는 진리를 깨달아야 할 것""이라고 말했다."
951,원숭이도 나무에서 떨어진다,"그는 곧바로 익살스러운 표정에 과장된 제스추어를 섞어가며 ""원숭이도 나무에서 떨어지네""라고 크게 떠벌여 갤러리들의 환호와 박수를 받았다."
952,원숭이도 나무에서 떨어진다,원숭이가 나무에서 떨어진다는 속담도 있다.
953,원숭이도 나무에서 떨어진다,'원숭이는 나무에서 떨어져도 원숭이지만 정치인은 선거에서 떨어지면 사람도 아니다.'
954,원숭이도 나무에서 떨어진다,원숭이도 나무에서 떨어질 때가 있었다.
955,원숭이도 나무에서 떨어진다,원숭이도 나무에서 떨어지는 때가 있다고 선수임을 자부했던 성현이에게도 운명의 날이 찾아왔다.
956,원숭이도 나무에서 떨어진다,원숭이 인기는 /나무에서 떨어지지않죠
957,원숭이도 나무에서 떨어진다,나무에서 떨어진 원숭이;'투자의 귀재' 버핏 연금투자수익률 꼴찌
958,핑계 없는 무덤 없다,두 살배기 동생을 괴롭힌 것에도 정당한 이유가 있다는 말이니?
959,핑계 없는 무덤 없다,핑계 없는 무덤이 없으니까.
960,핑계 없는 무덤 없다,"핑계 없는 무덤 없다고, 속사정을 들여다보면 이유는 있다."
961,핑계 없는 무덤 없다,경성제국대학은 물론 외국문학과도 무관한 내가 굳이 이 염천에 그의 무덤에까지 찾아간 이유를 잘 설명할 수 없소. 졸저 (2009) 때문이었다면 그런 것은 한갓 핑계에 지나지 않는 것.
962,핑계 없는 무덤 없다,"핑계 없는 무덤은 없다고, 자신의 독재에는 정의로운 명분이 있다고도 떠들어댄다."
963,핑계 없는 무덤 없다,'핑계 없는 무덤 없다'는 속담이 있다.
964,핑계 없는 무덤 없다,"""핑계 없는 무덤 없다""고도 하니까요."
965,핑계 없는 무덤 없다,'핑계 없는 무덤이 없다'던가.
966,핑계 없는 무덤 없다,그러나 '핑계없는 무덤 없다'는 속담처럼 해명도 가지가지여서 이들의 말대로라면 이유 없고 억울하지 않은 전과가 없었다.
967,핑계 없는 무덤 없다,'핑계 없는 무덤 없다'는 속담은 서양 옛 그림과 조각을 즐기려는 이들에겐 두고두고 곱씹어야 할 관용어다.
968,핑계 없는 무덤 없다,세상에 핑계 없는 무덤이 어디 있겄어. 괜히 말도 안 되는 궤변 늘어놓고 억지 부리지 말라구. 그런 얘기 하려면 아예 그만두라구. 골치 아프니까.
969,핑계 없는 무덤 없다,그러나 핑계 없는 무덤 없듯이 핑계 없는 범죄가 어디 있겠습니까?
970,핑계 없는 무덤 없다,핑계 없는 무덤 없다고 몇 초 몇 분의 시간핑계를 대며 억울하다고 호소한다.
971,핑계 없는 무덤 없다,주택은 부족하고 기술수준은 낮아 건축법을 지키기 힘들다지만 세상에 핑계 없는 무덤은 없다.
972,핑계 없는 무덤 없다,"'핑계 없는 무덤은 없다'는 말. 무릇 인생이란 핑계로 가득 차 있으며, 거기에는 별로 예외가 없다는 것."
973,핑계 없는 무덤 없다,나의 소원은 첫째도 둘째도 셋째도 '핑계 없는 무덤이 되고 싶다'는 것이다.
974,핑계 없는 무덤 없다,'핑계 없는 무덤이 없다'는 속담처럼 한국의 진보를 자처하는 세력이 북한 인권에 침묵하는 데에는 몇 가지 방어논리가 있다.
975,핑계 없는 무덤 없다,'핑계 없는 무덤은 없다'는 말도 있지 않은가.
976,핑계 없는 무덤 없다,최근 한 달 간 서울행정법원에 접수된 자동차운전면허 취소처분 취소청구 소장을 통해 이 시대 주당(酒黨)들의 '핑계없는 무덤'을 들여다본다.
977,핑계 없는 무덤 없다,핑계 없는 무덤 있나.
978,핑계 없는 무덤 없다,"'핑계 없는 무덤' 없다고, 규제를 만들 때는 나름대로 이유가 있겠지만 '기업하기 좋은 여건 만들기'는 아니다."
979,핑계 없는 무덤 없다,핑계 없는 무덤 없다지만….
980,핑계 없는 무덤 없다,'핑계 없는 무덤 없다?'
981,핑계 없는 무덤 없다,"""변명하지 마. 옛부터 '핑계 없는 무덤 없다'고 했어."""
982,핑계 없는 무덤 없다,'어떤 날엔 눈만 감아도 석 자 코가 썩썩 잘려 나갔다 무심코 돌다리를 두드렸다가 핑계 없는 무덤에 매장되기도 했다
983,핑계 없는 무덤 없다,훗날 나는 참으로 핑계 없는 무덤이 되고 싶다.
